EyeBlinkLeft,EyeLookDownLeft,EyeLookInLeft,EyeLookOutLeft,EyeLookUpLeft,EyeSquintLeft,EyeWideLeft,EyeBlinkRight,EyeLookDownRight,EyeLookInRight,EyeLookOutRight,EyeLookUpRight,EyeSquintRight,EyeWideRight,JawForward,JawRight,JawLeft,JawOpen,MouthClose,MouthFunnel,MouthPucker,MouthRight,MouthLeft,MouthSmileLeft,MouthSmileRight,MouthFrownLeft,MouthFrownRight,MouthDimpleLeft,MouthDimpleRight,MouthStretchLeft,MouthStretchRight,MouthRollLower,MouthRollUpper,MouthShrugLower,MouthShrugUpper,MouthPressLeft,MouthPressRight,MouthLowerDownLeft,MouthLowerDownRight,MouthUpperUpLeft,MouthUpperUpRight,BrowDownLeft,BrowDownRight,BrowInnerUp,BrowOuterUpLeft,BrowOuterUpRight,CheekPuff,CheekSquintLeft,CheekSquintRight,NoseSneerLeft,NoseSneerRight,TongueOut
0.062295858,0.028688967,0.06731711,0.011199828,0.0,0.027908366,0.0,0.06264712,0.029108431,0.035251096,0.053962708,0.0,0.028012553,0.0,0.009396639,0.0,7.6023396e-05,0.015926523,0.0094983205,0.009448938,0.012493931,0.0,0.0,0.029133106,0.024675941,0.0,0.0,0.0100171855,0.011258858,0.039986655,0.046367873,0.012422318,0.0,0.035346553,0.025873795,0.023133636,0.021433813,0.03840184,0.038969766,0.031710528,0.034279503,0.091841675,0.09139577,0.020929221,0.0,0.0,0.008220767,0.029862054,0.030814614,0.049398053,0.061790306,0.0
0.07449182,0.026246425,0.06691059,0.014435062,0.0,0.034248408,0.0,0.07467927,0.0267131,0.037889116,0.05347488,0.0,0.034285337,0.0,0.0077549694,0.0,0.0039031236,0.013131884,0.0077716857,0.011913057,0.01184959,0.0,0.0,0.040676065,0.03376922,0.0,0.0,0.011223979,0.012952307,0.04369389,0.052634098,0.0133819,0.0,0.038789295,0.028563421,0.025906399,0.023951761,0.044922598,0.0460131,0.031995684,0.03465753,0.101364225,0.10096486,0.02221459,0.0,0.0,0.00735308,0.033368334,0.033083018,0.051571164,0.06451991,0.0
0.07455188,0.01701193,0.05695728,0.023232443,0.014786969,0.037048914,0.0,0.07468806,0.017316028,0.04759279,0.04308171,0.012875086,0.036988765,0.0,0.004067565,0.0,0.0071188663,0.0094737485,0.0068611475,0.01838879,0.017824925,0.0,0.0,0.035486925,0.025674548,0.0,0.0,0.011850601,0.013875235,0.04077027,0.0511423,0.0131430095,0.0,0.04474839,0.031989288,0.029129744,0.02689263,0.039120927,0.040080257,0.02415283,0.025946695,0.09800149,0.09766968,0.019383958,0.0,0.0,0.008009633,0.03420941,0.032671325,0.053774126,0.06749783,0.0
0.068386614,0.006944623,0.0546034,0.021343216,0.030561496,0.036687072,0.0,0.068497285,0.00707482,0.04778339,0.041270882,0.029350901,0.036566112,0.0,0.0021991543,0.0,0.009324348,0.010729661,0.008232401,0.026093274,0.023314659,0.0,0.0,0.023838691,0.010129459,0.0,0.0,0.013133229,0.015393719,0.041049704,0.051997073,0.013316141,0.0,0.046772692,0.03249362,0.031178297,0.028817164,0.03302096,0.0331451,0.01771317,0.018177085,0.08347543,0.08309417,0.01888098,0.0,0.0,0.008087077,0.03376338,0.03112114,0.057328466,0.07287861,0.0
0.060402095,0.0,0.066549614,0.01762148,0.039084107,0.03452019,0.0,0.06036728,0.0,0.044239968,0.051475734,0.038268052,0.034403346,0.0,0.0032122228,0.0,0.011116188,0.01748202,0.010437868,0.036401924,0.023684075,0.0,0.0,0.014827732,0.0,0.0,0.0,0.014195992,0.01667227,0.04612507,0.057803843,0.011771943,0.0,0.0427697,0.029705837,0.030776685,0.028520988,0.03426964,0.033400998,0.01891879,0.018575992,0.06947518,0.0689785,0.022940693,0.0,0.0,0.005758073,0.031977467,0.028870676,0.061808508,0.07945523,0.0
0.04917135,0.0,0.079228856,0.018122118,0.04742804,0.033727456,0.0,0.048922487,0.0,0.0409376,0.06177952,0.04760985,0.033648297,0.0,0.0,0.0,0.00987621,0.00538879,0.012720874,0.032205757,0.030169705,0.0,0.0,0.0,0.0,0.0,0.0,0.011514699,0.013139036,0.03621998,0.04704456,0.010672066,0.0,0.047607735,0.029631205,0.026712768,0.024510935,0.0,0.0,0.0,0.0,0.057047848,0.056551605,0.030051962,0.0,0.0,0.005236275,0.022007117,0.018247103,0.048727002,0.063050516,0.0
0.03303194,0.0,0.07179651,0.035632916,0.043566152,0.02839708,0.0,0.03270323,0.0,0.055298492,0.053189382,0.043271367,0.028452894,0.0,5.900394e-05,0.0,0.008718632,0.007121334,0.01075973,0.019890584,0.01429626,0.0,0.0,0.0,0.0,0.0,0.0,0.008736822,0.010077367,0.03149288,0.042706,0.010203807,0.0,0.041788977,0.024958266,0.020356365,0.018990286,0.0,0.0,0.0,0.0,0.04290937,0.04252323,0.030819826,0.0,0.0,0.0,0.012532331,0.009308693,0.041572414,0.055162232,0.0
0.037273407,0.0,0.0636798,0.05789084,0.038076878,0.021609193,0.0,0.03685923,0.0,0.07205456,0.044123616,0.037370667,0.021770181,0.0,0.0006810762,0.0,0.009003354,0.013911944,0.004795092,0.010718623,0.0,0.0,0.0,0.0,0.0,0.0,0.0,0.0043352083,0.0052889353,0.027020821,0.037359484,0.005720387,0.0,0.031727124,0.019005634,0.0123507185,0.011865457,0.0,0.0,0.0051260777,0.001352204,0.02791383,0.027749592,0.02427944,0.0,0.0,0.0,0.0063425964,0.003376379,0.030419635,0.041324288,0.0
0.05177193,0.0,0.064372614,0.06824656,0.026725989,0.016973099,0.0,0.05114501,0.0,0.078919634,0.04380037,0.02594804,0.017187562,0.0,0.0,0.0,0.009458531,0.017806321,0.004108142,0.011457343,0.0,0.0,0.0,0.0,0.0,0.0,0.0,0.00070190243,0.0013337368,0.025470413,0.03426254,0.0020541307,0.0,0.02294136,0.013323711,0.0064727087,0.0065526497,0.0057650656,0.004557021,0.010321656,0.0074569657,0.017505545,0.017459061,0.018022884,0.0,0.0,0.0,0.0037066462,0.00040660513,0.025126768,0.033380177,0.0
0.053937063,0.0,0.06640698,0.07024591,0.014493115,0.016295187,0.0,0.053021453,0.0,0.080706745,0.044756062,0.013818305,0.016549138,0.0,0.0,0.0,0.010066902,0.017720856,0.007097486,0.016231941,0.0061667673,0.0,0.0,0.0,0.0,0.0,0.0,0.0,0.0,0.024820967,0.032975152,0.0016139839,0.0,0.019392656,0.011040649,0.004580811,0.005002443,0.00720964,0.006156232,0.010489463,0.008344099,0.011592213,0.011571709,0.014894789,0.0,0.0,0.0,0.0048374664,0.001366675,0.026939092,0.034242634,0.0
0.043617442,0.0,0.06743182,0.06858151,0.005281333,0.01725139,0.0,0.042502064,0.0,0.07986947,0.04433938,0.0046942234,0.01755268,0.0,0.0,0.0,0.010788051,0.01620615,0.009580227,0.020764725,0.013538621,0.0,0.0,0.0,0.0,0.0,0.0,0.0,0.0002664728,0.025767082,0.034300108,0.0026657823,0.0,0.019997805,0.0119032785,0.005410982,0.0060316655,0.007931482,0.007165458,0.0108689815,0.009326945,0.0073330514,0.007300552,0.014269572,0.0,0.0,0.0,0.0077556763,0.0044363355,0.030355029,0.037873246,0.0
0.028409928,0.0,0.066592306,0.06624017,0.0,0.018139916,0.0,0.027295813,0.0,0.07852069,0.042047713,0.0,0.01848771,0.0,0.0,0.0,0.011270645,0.0141527215,0.010811653,0.022408368,0.016656425,0.0,0.0,0.0,0.0,0.0,0.0,0.0005056802,0.0011877641,0.027619394,0.036815096,0.0038844952,0.0,0.021701971,0.013463084,0.006835279,0.0075315554,0.008590182,0.008201221,0.01082379,0.009670598,0.0024929978,0.0024518147,0.0153186,0.0,0.0,0.0,0.010534692,0.0074241506,0.031642493,0.039517533,0.0
0.01669098,0.0,0.06404753,0.06258902,0.0,0.01870073,0.0,0.015740775,0.0,0.07607345,0.038122132,0.0,0.019086452,0.0,0.0,0.0,0.011098852,0.011976659,0.011279546,0.020381497,0.015972137,0.0,0.0,0.0,0.0,0.0,0.0,0.001055846,0.0018591676,0.028961193,0.038526557,0.004907759,0.0,0.022642039,0.014068756,0.0077370387,0.008457745,0.008485869,0.008438816,0.009494924,0.008498514,0.0,0.0,0.01671558,0.0,0.0,0.0,0.012604861,0.009638106,0.030952904,0.038990945,0.0
0.011382394,0.0,0.060635433,0.05625585,0.0,0.019248063,0.0,0.010642741,0.0,0.070814736,0.033267178,0.0,0.019662673,0.0,0.0,0.0,0.010285518,0.008940953,0.011267124,0.01621031,0.013690162,0.0,0.0,0.0,0.0,0.0,0.0,0.0011494076,0.0020226678,0.028767278,0.038336243,0.0056886747,0.0,0.022971237,0.0138652725,0.008034041,0.008775514,0.006664077,0.0068749115,0.0071145617,0.006102588,0.0,0.0,0.0172382,0.0,0.0,0.0,0.013797313,0.010925246,0.029648183,0.037661105,0.0
0.00757494,0.0,0.05608105,0.049289975,0.0,0.019667711,0.0,0.0070146676,0.0,0.06452012,0.02727074,0.0,0.020105883,0.0,0.0,0.0,0.009456908,0.006942505,0.010662825,0.012650084,0.011122931,0.0,0.0,0.0,0.0,0.0,0.0,0.0009975182,0.0019225078,0.02801222,0.037634365,0.006058962,0.0,0.022292793,0.013341832,0.00801961,0.008809775,0.0058860146,0.006381372,0.005979899,0.0050795265,0.0,0.0,0.016762916,0.0,0.0,0.0,0.014231794,0.011549064,0.028460057,0.036506467,0.0
0.0086753685,0.0,0.05137231,0.04192272,0.0,0.020129733,0.0,0.008197887,0.0,0.057227887,0.0211584,0.0,0.020583902,0.0,0.0,0.0,0.008889064,0.004959049,0.009920467,0.010183182,0.010346487,0.0,0.0,0.0,0.0,0.0,0.0,0.0006983178,0.0016307002,0.026622014,0.03642355,0.0060234787,0.0,0.022076556,0.013325104,0.008264526,0.009088169,0.003805358,0.0046554897,0.004865335,0.0040942235,0.0,0.0,0.016575284,0.0,0.0,0.0,0.01453946,0.0120770745,0.027455129,0.03552581,0.0
0.011428298,0.0,0.04707944,0.036973633,0.0,0.020566279,0.0,0.010961199,0.0,0.05212731,0.015861467,0.0,0.021031,0.0,0.0,0.0,0.00869683,0.0032018104,0.008949014,0.007958177,0.010472111,0.0,0.0,0.0,0.0,0.0,0.0,0.00038264878,0.0012882585,0.025260227,0.03545326,0.005537945,0.0,0.02250844,0.01409025,0.008733503,0.009548538,0.0009408444,0.0021504834,0.0036448627,0.0029522507,0.0,0.0,0.017356722,0.0,0.0,0.0,0.014747377,0.012516722,0.02589238,0.034022693,0.0
0.017635498,0.0,0.0444199,0.032880012,0.0,0.02100036,0.0,0.0171206,0.0,0.047979254,0.012510266,0.0,0.021472303,0.0,0.0,0.0,0.008792314,0.0019730635,0.007896022,0.0069338474,0.011171658,0.0,0.0,0.0,0.0,0.0,0.0,0.00023757108,0.0011311667,0.024234531,0.034910537,0.0046211313,0.0,0.023604462,0.015348674,0.009671982,0.010440617,0.0,0.0009155646,0.0031211358,0.0025202865,0.0,0.0,0.018587107,0.0,0.0,0.0,0.014958857,0.013000193,0.025285335,0.033773944,0.0
0.025362186,0.0,0.042769678,0.029494274,0.0,0.021435585,0.0,0.024763633,0.0,0.044911698,0.010566022,0.0,0.021911222,0.0,0.0,0.0,0.009021448,0.001789028,0.007330637,0.007356995,0.012247212,0.0,0.0,0.0,0.0,0.0,0.0,0.00041556451,0.0013304809,0.024294758,0.035461213,0.0035258667,0.0,0.024696095,0.016528863,0.010725785,0.011436103,0.0,0.0013063382,0.0034360678,0.0029248572,0.0,0.0,0.020492423,0.0,0.0,0.0,0.015145959,0.013481993,0.025669489,0.034719184,0.0
0.03283599,0.0,0.042678874,0.026561335,0.0,0.021711744,0.0,0.03212919,0.0,0.04255251,0.010419082,0.0,0.022187581,0.0,0.0,0.0,0.009219451,0.0024580224,0.007260397,0.008545238,0.013077855,0.0,0.0,0.00078890915,0.0,0.0,0.0,0.0009350227,0.0019179685,0.025327006,0.036945794,0.0024788347,0.0,0.025690202,0.017413072,0.011927738,0.012569944,0.0015849434,0.0031321105,0.004321437,0.003904249,0.0,0.0,0.022758154,0.0,0.0,0.0,0.015309022,0.01391227,0.027145986,0.036825016,0.0
0.03929458,0.0,0.043029077,0.024491288,0.0,0.022055482,0.0,0.038470007,0.0,0.04103356,0.011003492,0.0,0.02252945,0.0,0.0,0.0,0.009110132,0.0015019259,0.0075231977,0.008005639,0.0132626,0.0,0.0,0.003711781,0.0,0.0,0.0,0.001605439,0.002670397,0.026506413,0.038475238,0.0019689072,0.0,0.027591005,0.018434118,0.01324983,0.013780176,0.0018603075,0.0032098517,0.004128226,0.003660418,0.0,0.0,0.025495566,0.0,0.0,0.0,0.015313424,0.014039537,0.028987547,0.039142847,0.0
0.03610233,0.0,0.042651925,0.025808267,0.0,0.02200797,0.0,0.035211958,0.0,0.042988956,0.011210509,0.0,0.022483898,0.0,0.0,0.0,0.0088442825,2.5911024e-05,0.0074119302,0.0064509716,0.012330331,0.0,0.0,0.00706836,0.0,0.0,0.0,0.0022279266,0.0033914885,0.02756923,0.039897766,0.0017993514,0.0,0.029669454,0.019519849,0.014519218,0.0149126295,0.0025303923,0.0036517568,0.003555235,0.0030180514,0.0,0.0,0.026943747,0.0,0.0,0.0,0.014557974,0.01327711,0.030306581,0.040766746,0.0
0.031197624,0.0,0.041998435,0.027966203,0.0,0.02167095,0.0,0.030289173,0.0,0.046048805,0.011352466,0.0,0.022149106,0.0,0.0,0.0,0.008373883,0.0,0.007536818,0.0059482804,0.011823695,0.0,0.0,0.0098461155,0.0,0.0,0.0,0.0028009955,0.0040693944,0.028842824,0.04140647,0.0021113907,0.0,0.031250935,0.019990806,0.015802937,0.016066894,0.0042230804,0.0051437877,0.002871818,0.0023366502,0.0,0.0,0.027273774,0.0,0.0,0.0,0.013579412,0.012233319,0.03215602,0.042915788,0.0
0.02867929,0.0,0.04145723,0.029138833,0.0,0.021107486,0.0,0.02776882,0.0,0.048459873,0.011402568,0.0,0.021586105,0.0,0.0,0.0,0.007821432,0.00036531757,0.00845534,0.0075963885,0.012614846,0.0,0.0,0.01168973,0.0,0.0,0.0,0.0033939667,0.004753343,0.030837394,0.0435302,0.0028558508,0.0,0.031620782,0.019483002,0.016837299,0.017010255,0.007085463,0.007817704,0.002488371,0.0020584445,0.0,0.0,0.026618985,0.0,0.0,0.0,0.012830622,0.011434624,0.034286086,0.045220032,0.0
0.027443107,0.0,0.041563172,0.027987301,0.0,0.020570818,0.0,0.02652487,0.0,0.048501566,0.011787353,0.0,0.021048767,0.0,0.0,0.0,0.0073347073,0.0020043035,0.010177277,0.011299112,0.014752872,0.0,0.0,0.012442429,0.0,0.0,0.0,0.0039935866,0.00543282,0.033145484,0.04599318,0.0040942393,0.0,0.03187151,0.018754788,0.017735632,0.017831482,0.009366134,0.009921094,0.0023368113,0.0020544599,0.0,0.0,0.025447324,0.0,0.0,0.0,0.012624425,0.01121925,0.037274502,0.048363596,0.0
0.026118401,0.0,0.041716956,0.026668962,0.0,0.020036837,0.0,0.025188934,0.0,0.047976278,0.0120368805,0.0,0.02051584,0.0,0.0,0.0,0.006975848,0.0034791809,0.012121651,0.01526793,0.017262314,0.0,0.0,0.011450749,0.0,0.0,0.0,0.0044150865,0.0058948826,0.03519143,0.048308734,0.005573257,0.0,0.03229332,0.01838033,0.018406278,0.018411513,0.0097801685,0.010244794,0.001975531,0.0018035411,0.0,0.0,0.02441301,0.0,0.0,0.0,0.012792293,0.011433941,0.039668716,0.050781094,0.0
0.02640547,0.0,0.04413127,0.025538046,0.0,0.01940348,0.0,0.025453733,0.0,0.047069676,0.014418783,0.0,0.019884758,0.0,0.0,0.0,0.0068276883,0.005811137,0.013935974,0.020120714,0.019525994,0.0,0.0,0.009189127,0.0,0.0,0.0,0.0046189786,0.006129602,0.03706577,0.05056628,0.0068144556,0.0,0.032640226,0.018368073,0.019071352,0.018974505,0.010581756,0.011101397,0.0024097795,0.0024436624,0.0,0.0,0.023635266,0.0,0.0,0.0005598669,0.01331445,0.012128672,0.04199131,0.053213183,0.0
0.03200821,0.0,0.048402213,0.02325881,0.0,0.018790193,0.0,0.031005343,0.0,0.044661902,0.018439272,0.0,0.019269504,0.0,0.0,0.0,0.0069840634,0.010193588,0.015854916,0.026841775,0.021366052,0.0,0.0,0.006891178,0.0,0.0,0.0,0.0048677484,0.0064286296,0.03986852,0.053838655,0.0076297633,0.0,0.032200016,0.01827233,0.019706953,0.019505657,0.01423878,0.014875157,0.005073494,0.0054790634,0.0001832582,4.3325126e-06,0.024043046,0.0,0.0,0.0012716996,0.014385058,0.013485396,0.044425324,0.055880584,0.0
0.034877956,0.0,0.053134933,0.021535344,0.0,0.018222779,0.0,0.03381042,0.0,0.04263442,0.02271361,0.0,0.01869284,0.0,0.0,0.0,0.007747092,0.016718652,0.018021762,0.036657408,0.022787903,0.0,0.0,0.004728948,0.0,0.0,0.0,0.005292528,0.006955894,0.044060744,0.05875118,0.007858153,0.0,0.031209238,0.018286206,0.02011701,0.01979514,0.021354336,0.022036377,0.010142172,0.011005859,0.0004971698,0.00026401505,0.025185077,0.0,0.0,0.0020299852,0.015652588,0.015062023,0.04633449,0.05801314,0.0
0.032943364,0.0,0.054753356,0.020982377,0.0,0.017818432,0.0,0.03186659,0.0,0.04165019,0.024017274,0.0,0.018270247,0.0,0.0,0.0,0.009231843,0.024886224,0.020280316,0.04986123,0.023443568,0.0,0.0,0.0031361934,0.0,0.0,0.0,0.0062404424,0.008090373,0.05030001,0.06605714,0.007765824,0.0,0.029853959,0.018338079,0.02035933,0.019885123,0.032307424,0.032961573,0.017995322,0.019421466,0.0,0.0,0.02729673,0.0,0.0,0.0023174095,0.017254867,0.016894942,0.048226185,0.060379483,0.0
0.034032036,0.0,0.05436229,0.021467082,0.0,0.01723852,0.0,0.03301159,0.0,0.041270286,0.023251466,0.0,0.017658558,0.0,0.0,0.0,0.011380186,0.03465458,0.022028742,0.06612018,0.02300374,0.0,0.0,0.0020742714,0.0,0.0,0.0,0.007812853,0.009923767,0.058512874,0.07567386,0.0072836727,0.0,0.028363187,0.018428814,0.020824134,0.020143319,0.04709306,0.047757976,0.028479137,0.030602682,0.0,0.0,0.03034171,0.0,0.0,0.002012508,0.019197429,0.018922225,0.050661094,0.0635462,0.0
0.041791126,0.0,0.05201997,0.019784745,0.0,0.016184265,0.0,0.040860634,0.0,0.038850613,0.020269504,0.0,0.016559284,0.0,0.0017496282,0.0,0.014283586,0.047790553,0.023092598,0.087548465,0.021836355,0.0,0.0,0.0023881418,0.0,0.0,0.0,0.010196475,0.0126604,0.06976313,0.08868717,0.006133503,0.0,0.026106786,0.018360477,0.021669293,0.020744925,0.06980373,0.07043183,0.044078555,0.047185816,0.0,0.0,0.03393694,0.0,0.0,0.0011112848,0.021143934,0.020845234,0.054922115,0.06887535,0.0
0.05137731,0.0,0.05030633,0.015773382,0.0,0.013900901,0.0,0.050534047,0.0,0.03452614,0.017463448,0.0,0.014217972,0.0,0.008379491,0.0,0.017946193,0.06526769,0.022656348,0.11288467,0.019740427,0.0,0.0,0.0032273545,0.0,0.0,0.0,0.012979796,0.01583389,0.083313495,0.104177594,0.0035970192,0.0,0.022685606,0.018633243,0.022648694,0.02146942,0.100982346,0.10147179,0.064990886,0.06929767,5.7332218e-06,0.0,0.038000718,0.0,0.0,0.0001845709,0.02225257,0.021814842,0.05931094,0.074067935,0.0
0.06209018,0.0,0.048240326,0.008909538,0.0,0.010884743,0.0,0.061381668,0.0,0.027730979,0.014385439,0.0,0.011135159,0.0,0.016381742,0.0,0.022091206,0.086925365,0.019805841,0.13633792,0.017228052,0.0,0.0,0.0031001617,0.0,0.0,0.0,0.015619324,0.018769505,0.09701305,0.119506896,0.0,0.0,0.018134253,0.019791054,0.023684848,0.022253968,0.1376404,0.13793609,0.088318855,0.093906626,0.00159638,0.0011662208,0.043285683,0.0,0.0,0.0,0.02263853,0.021881437,0.062736295,0.077784486,0.0
0.07176821,0.002245067,0.04335708,0.0073399954,0.0,0.009153529,0.0,0.07130648,0.0026357044,0.025808856,0.00981157,0.0,0.009321109,0.0,0.024085572,0.0,0.026283678,0.10761366,0.014453279,0.14981471,0.014359398,0.0,0.0,0.0012970115,0.0,0.0,0.0,0.017149534,0.020344105,0.10664339,0.13014492,0.0,0.0,0.013720451,0.022420203,0.024458367,0.022774559,0.17109357,0.17122106,0.10825349,0.11505064,0.0044373423,0.0041111484,0.051029995,0.0,0.0,0.0,0.024991713,0.023697007,0.06628191,0.08142618,0.0
0.07631619,0.006482234,0.035488315,0.0181426,0.0,0.011203781,0.0,0.07613906,0.006904966,0.03618382,0.004595287,0.0,0.0112845395,0.0,0.030154139,0.0,0.029496586,0.1216293,0.009827957,0.15281424,0.010791028,0.0,0.0,0.0,0.0,0.0,0.0,0.017665526,0.020679243,0.11088899,0.1351145,0.0,0.0,0.012119761,0.026433492,0.02536322,0.02342245,0.19447608,0.19436458,0.120881975,0.1287205,0.010094903,0.009919528,0.058742777,0.0,0.0,0.0,0.031096764,0.029253654,0.071834594,0.08795657,0.0
0.071447484,0.00017588958,0.03753894,0.03097599,0.0,0.015639007,0.0,0.071368925,0.00055383984,0.049967088,0.009602011,0.0,0.015669227,0.0,0.036340438,0.0,0.031753734,0.13113824,0.009146871,0.16025153,0.007324159,0.0,0.0,0.0,0.0,0.0,0.0,0.018031199,0.020921476,0.11517714,0.14022872,0.0,0.0,0.011544575,0.029050022,0.02563534,0.023656454,0.21430352,0.21364492,0.13085252,0.13992205,0.01593848,0.015766215,0.059341222,0.0,0.0,0.0,0.037660204,0.03583441,0.07689578,0.09579428,0.0
0.076349445,0.0,0.057642665,0.027561989,0.0,0.017489335,0.0,0.07616836,0.0,0.04904317,0.030280495,0.0,0.017490743,0.0,0.043647483,0.0,0.03421151,0.14036304,0.01030292,0.17492975,0.007740695,0.0,0.0,0.0,0.0,0.0,0.0,0.018325368,0.021203903,0.12335214,0.14891508,0.0,0.0,0.0077418434,0.027871666,0.024723731,0.022862814,0.23466955,0.23350245,0.14098108,0.1510292,0.019906571,0.019621281,0.05517382,0.0,0.0,0.0,0.042408705,0.04100258,0.07891089,0.10117963,0.0
0.0942346,0.01054575,0.08237298,0.0018061772,0.0,0.015839856,0.0,0.093839675,0.010980518,0.02486001,0.053256705,0.0,0.015827961,0.0,0.051746696,0.0,0.037141435,0.14914256,0.008970743,0.18624844,0.011893155,0.0,0.0,0.0,0.0,0.0,0.0,0.019497981,0.022553762,0.13444479,0.16053148,0.0,0.0,0.0016473071,0.025198847,0.02398836,0.022213452,0.25665587,0.25561467,0.15333375,0.16395614,0.020291377,0.019873621,0.053084813,0.0,0.0,0.0,0.045479596,0.044490527,0.08165929,0.1068572,0.0
0.11225453,0.020667149,0.09578286,0.0,0.0,0.014935631,0.0,0.11154845,0.021166041,0.0011164546,0.06528343,0.0,0.0149268545,0.0,0.05730857,0.0,0.039113957,0.15125196,0.0037632752,0.18282643,0.012924448,0.0,0.0,0.0,0.0,0.0,0.0,0.021132242,0.024357703,0.13961184,0.16604313,0.0,0.0,0.0,0.023973329,0.023546854,0.021878336,0.26560163,0.26516187,0.16021799,0.1711343,0.015674269,0.01516174,0.053452462,0.0,0.0,0.0,0.047741182,0.046910923,0.08239871,0.108944,0.0
0.11016223,0.017663864,0.09816758,0.0,0.0,0.0156898,0.0,0.10921138,0.018126484,0.0,0.06732741,0.0,0.01568718,0.0,0.059533775,0.0,0.0398129,0.14850163,0.0,0.17432243,0.010792814,0.0,0.0,0.007220667,0.0,0.0,0.0,0.02237866,0.0256841,0.13890937,0.16543546,0.0,0.0,0.0,0.02415913,0.022904478,0.021358917,0.2625749,0.26240468,0.16112517,0.1720233,0.008983973,0.008396376,0.05406499,0.0,0.0,0.0,0.048363753,0.047489475,0.080865785,0.10742713,0.0
0.094801806,0.009727223,0.09965587,0.0,0.0,0.016030574,0.0,0.09384901,0.010124799,0.0,0.06890267,0.0,0.016019829,0.0,0.058910526,0.0,0.039591417,0.14333093,0.0,0.16854371,0.009866457,0.0,0.0,0.011305172,0.0012731063,0.0,0.0,0.022776902,0.026020607,0.13548928,0.16163653,0.0,0.0,0.0,0.0251201,0.022371916,0.020894479,0.25200614,0.25170845,0.15764423,0.16806194,0.005379118,0.0047266968,0.053629983,0.0,0.0,0.0,0.04735308,0.046217702,0.0792641,0.10526285,0.0
0.09219073,0.009421026,0.09797863,0.0,0.0,0.014950404,0.0,0.09138723,0.009807616,0.0001719296,0.067257166,0.0,0.014927249,0.0,0.05651648,0.0,0.039001726,0.13581738,0.0,0.16617265,0.0124395415,0.0,0.0,0.012205962,0.0018651076,0.0,0.0,0.023037758,0.02611716,0.13196272,0.15731536,0.0,0.0,0.0018428843,0.02626883,0.022667067,0.021173006,0.23728152,0.23677331,0.15154624,0.16088462,0.0076375455,0.006918136,0.05284552,0.0,0.0,0.0,0.045524426,0.043715023,0.0787966,0.10396898,0.0
0.09480886,0.009430798,0.09493028,0.0,0.0,0.012870889,0.0,0.09404919,0.009826663,0.0018934235,0.06385465,0.0,0.012853856,0.0,0.05340553,0.0,0.038247325,0.12631103,0.0,0.16585635,0.015690317,0.0,0.0,0.011317693,0.0003944547,0.0,0.0,0.02331082,0.026252797,0.12867576,0.15321288,0.0,0.0,0.0053525334,0.026642501,0.022714432,0.021239985,0.21983165,0.2190206,0.14449745,0.15254988,0.008857105,0.008076616,0.051929086,0.0,0.0,0.0,0.042891517,0.040409394,0.078822844,0.103337444,0.0
0.099531576,0.010134922,0.09185715,0.0,0.0,0.0112259,0.0,0.098664455,0.010556942,0.0032192469,0.060229234,0.0,0.011247361,0.0,0.048335746,0.0,0.036283724,0.11227481,0.0,0.16115592,0.01941047,0.0,0.0,0.011225432,0.0,0.0,0.0,0.023591427,0.026421033,0.12245992,0.14576769,0.0,0.0,0.01065474,0.026851274,0.023275454,0.021817205,0.1934053,0.19213817,0.13218734,0.1386532,0.010946136,0.010112181,0.050666455,0.0,0.0,0.0,0.04026995,0.03715042,0.07723288,0.101228945,0.0
0.099597044,0.008177772,0.089438535,0.0,0.0,0.010255038,0.0,0.09848549,0.00859079,0.007183343,0.05732144,0.0,0.010338895,0.0,0.042331308,0.0,0.033500373,0.097544625,0.0051855985,0.15565579,0.023673622,0.0,0.0,0.013194552,0.0018313986,0.0,0.0,0.02413874,0.026920877,0.11511241,0.1371921,0.0,0.0,0.015456216,0.025470616,0.023633463,0.022186747,0.16354524,0.16162014,0.11621797,0.12121117,0.011769272,0.010826554,0.050079398,0.0,0.0,0.0,0.038287394,0.034734365,0.07472813,0.098564185,0.0
0.10009983,0.0061088298,0.088250145,0.0,0.0,0.010284169,0.0,0.098703496,0.006473094,0.012963034,0.055614084,0.0,0.010434661,0.0,0.035470698,0.0,0.02989626,0.08214786,0.013641016,0.14605558,0.029040892,0.0,0.0,0.017335322,0.006297749,0.0,0.0,0.0247099,0.027460258,0.10566287,0.12635893,0.0,0.0,0.02100718,0.023666885,0.024650212,0.02314771,0.13091917,0.12823929,0.09582567,0.09948869,0.014028575,0.012957409,0.049656868,0.0,0.0,0.0,0.037041064,0.033195864,0.07106955,0.09481379,0.0
0.09079147,0.0,0.08754122,0.0055558197,0.0,0.011080137,0.0,0.08923164,0.0,0.021793034,0.054557603,0.0,0.011286511,0.0,0.028443545,0.0,0.026206542,0.06784715,0.023103796,0.13344744,0.034781367,0.0,0.0,0.021967396,0.011839278,0.0,0.0,0.024851182,0.027619677,0.09533596,0.114727005,0.0,0.0,0.026721315,0.021875057,0.025706867,0.024197077,0.10099716,0.0975174,0.07365188,0.07624997,0.015399635,0.014204536,0.048876114,0.0,0.0,0.0,0.036593776,0.03261718,0.06727238,0.090955645,0.0
0.069216594,0.0,0.0876041,0.017141126,0.0,0.012310939,0.0,0.067739755,0.0,0.03368302,0.054936465,0.0,0.012565184,0.0,0.021991717,0.0,0.022769146,0.055724584,0.031805497,0.11780215,0.039344653,0.0,0.0,0.026581893,0.01772103,0.0,0.0,0.024357557,0.027181817,0.085311465,0.10358047,0.0022987942,0.0,0.032549642,0.020631686,0.026856635,0.025401358,0.076133646,0.07210308,0.05165555,0.053467155,0.016159372,0.014890546,0.04731393,0.0,0.0,0.0,0.037056822,0.033158824,0.06455671,0.08835635,0.0
0.049311254,0.0,0.08348055,0.028597709,0.0,0.013963914,0.0,0.048152212,0.0,0.04562259,0.051304072,0.0,0.014272057,0.0,0.016677264,0.0,0.019532084,0.045731083,0.03724764,0.09693587,0.040871818,0.0,0.0,0.031755887,0.024435986,0.0,0.0,0.02351342,0.026383968,0.076319896,0.09363538,0.008280003,0.0,0.03790398,0.020274138,0.028596876,0.027189288,0.055883005,0.051822104,0.031320512,0.03245485,0.017464506,0.016200198,0.04564715,0.0,0.0,0.0,0.037648942,0.033997346,0.060883813,0.08461669,0.0
0.03576533,0.0,0.0755471,0.037165772,0.00070145354,0.015111022,0.0,0.03495131,0.0,0.05401515,0.042731497,0.00014088303,0.0154751865,0.0,0.013397878,0.0,0.016966192,0.039714575,0.03797002,0.07470065,0.03879524,0.0,0.0,0.036080662,0.03072241,0.0,0.0,0.022669233,0.025597308,0.06934026,0.08618077,0.01214456,0.0,0.041423112,0.020668596,0.03039332,0.02905368,0.042683262,0.039142143,0.016577294,0.017370855,0.015179101,0.013970949,0.04403072,0.0,0.0,0.0,0.03652146,0.03343432,0.05568036,0.07892938,0.0
0.03369195,0.0,0.064625934,0.0389127,0.0144303925,0.015982917,0.0,0.0331643,0.0,0.055223145,0.02988553,0.0139818415,0.016397819,0.0,0.011614403,0.0,0.015036848,0.036234483,0.035042193,0.054352164,0.035477623,0.0,0.0,0.04029139,0.037059635,0.0,0.0,0.02217819,0.025190972,0.06382952,0.08049917,0.014188532,0.0,0.044381306,0.02214378,0.032768786,0.03147805,0.035012893,0.032244183,0.0074544647,0.0080633,0.013200792,0.012102766,0.042321507,0.0,0.0,0.0005606168,0.033983253,0.031521473,0.0501382,0.072490074,0.0
0.053552236,0.0,0.05623249,0.032362677,0.016884353,0.016397696,0.0,0.053103715,0.0,0.047312055,0.018459098,0.016573552,0.016846802,0.0,0.010988951,0.0,0.013730567,0.035612326,0.03106086,0.040149592,0.03270773,0.0,0.0,0.043899953,0.04284235,0.0,0.0,0.022169583,0.025286842,0.060491435,0.07728739,0.015501864,0.0,0.04704223,0.023862392,0.03553743,0.034282852,0.03232745,0.03036601,0.0034830912,0.004190975,0.013894107,0.01290806,0.04154714,0.0,0.0,0.001151009,0.031505078,0.029655037,0.047232736,0.068816595,0.0
0.11690122,0.014172217,0.055505186,0.011167099,0.0,0.017144214,0.0,0.116087675,0.014485085,0.024169132,0.013836177,0.0,0.017611368,0.0,0.0102959005,0.0,0.012774572,0.03568789,0.02843275,0.03185039,0.03245787,0.0,0.0,0.047266636,0.04816331,0.0,0.0,0.022755288,0.025948003,0.059487008,0.07652983,0.017575663,0.0,0.050420716,0.025367845,0.03920356,0.03788696,0.031397518,0.030161614,0.0020651622,0.0029839054,0.021815673,0.020920884,0.04300623,0.0,0.0,0.0016280661,0.030708438,0.029287647,0.049150646,0.07028468,0.0
0.23462313,0.064446695,0.06260408,0.0,0.0,0.01824733,0.0,0.23263317,0.06519683,0.0,0.016568666,0.0,0.0187279,0.0,0.009573939,0.0,0.012276577,0.03799331,0.028396908,0.028617721,0.03542645,0.0,0.0,0.0499108,0.05295792,0.0,0.0,0.023713432,0.026929544,0.062019594,0.07966508,0.020745121,0.0,0.053048372,0.025657525,0.042979363,0.041459028,0.03180187,0.031315397,0.0027234294,0.0040976927,0.031947147,0.031075537,0.0481171,0.0,0.0,0.0021791193,0.03178332,0.030686863,0.054854162,0.075620204,0.0
0.3951828,0.12821314,0.077525415,0.0,0.0,0.019825486,0.0,0.3909558,0.12952021,0.0,0.027312143,0.0,0.020336749,0.0,0.01007705,0.0,0.012503836,0.04475674,0.030473009,0.031448558,0.041519653,0.0,0.0,0.053257577,0.059011728,0.0,0.0,0.025056006,0.028258817,0.06826127,0.086828746,0.024732951,0.0,0.052855905,0.023860823,0.046061963,0.044157937,0.03635705,0.03679508,0.0075405855,0.009884826,0.03639148,0.035376847,0.055411436,0.0,0.0,0.0027833823,0.03435502,0.03374366,0.06352294,0.08406303,0.0
0.5492809,0.18361992,0.10337187,0.0,0.0,0.022206817,0.0,0.5425898,0.18547691,0.0,0.049698938,0.0,0.022764727,0.0,0.012355616,0.0,0.013818551,0.05382736,0.03308944,0.03962766,0.049463507,0.0,0.0,0.0587614,0.06781296,0.0,0.0,0.026545817,0.02968625,0.07459745,0.09365184,0.028082862,0.0,0.050796293,0.021163069,0.048185807,0.045793217,0.043865103,0.045404356,0.015741324,0.01939997,0.032677997,0.0313644,0.061490215,0.0,0.0,0.0033858714,0.038410477,0.0381686,0.07389618,0.09445335,0.0
0.6208023,0.19545496,0.1352191,0.0,0.0,0.025820035,0.0,0.6130222,0.19759841,0.0,0.079659805,0.0,0.026414277,0.0,0.01565496,0.0,0.01622345,0.059644107,0.0364685,0.045607824,0.054984324,0.0,0.0,0.063843355,0.07621373,0.0,0.0,0.027858088,0.031005664,0.07781322,0.09691129,0.031304233,0.0,0.053145632,0.021967903,0.05095005,0.04820347,0.047880393,0.050186183,0.018896,0.023774464,0.022963036,0.021392759,0.064599186,0.0,0.0,0.004363803,0.04500925,0.04459909,0.08420391,0.10546792,0.0
0.60624397,0.17574103,0.15052135,0.0,0.0,0.031625398,0.0,0.598444,0.17791092,0.0,0.09616509,0.0,0.03225705,0.0,0.01774799,0.0,0.01758214,0.061041404,0.04189821,0.042889614,0.056781046,0.0,0.0,0.0654814,0.07880993,0.0,0.0,0.028268663,0.03148991,0.07841943,0.09748243,0.03330706,0.0,0.059888728,0.026026297,0.054193553,0.051259946,0.04310544,0.04523972,0.011169658,0.016087323,0.0115792155,0.009963915,0.06787697,0.0,0.0,0.0055755368,0.052258186,0.051420912,0.087930754,0.10910158,0.0
0.5682111,0.16767117,0.14720175,0.0,0.0,0.037663147,0.0,0.56055844,0.16982657,0.0,0.09473884,0.0,0.03831837,0.0,0.019311287,0.0,0.017432336,0.062006675,0.046916354,0.04064181,0.05715523,0.0,0.0,0.061804645,0.073423095,0.0,0.0,0.028266331,0.031502075,0.08008189,0.099181905,0.03503876,0.0,0.0643191,0.028247852,0.056599345,0.053661443,0.039723687,0.041135352,0.003318762,0.007713777,0.003866598,0.0023073703,0.07252658,0.0,0.0,0.00644517,0.05683605,0.055727366,0.08840962,0.109026395,0.0
0.52114177,0.16473165,0.13878,0.0,0.0,0.040261284,0.0,0.514017,0.16680086,0.0,0.08675282,0.0,0.040922195,0.0,0.02051766,0.0,0.016875597,0.062808864,0.04827167,0.039232638,0.057359967,0.0,0.0,0.058304884,0.068476155,0.0,0.0,0.028146273,0.031353876,0.08070405,0.09963761,0.036796145,0.0,0.06539799,0.028439268,0.05799427,0.055226773,0.04124832,0.04213786,0.0,0.0035399809,0.0,0.0,0.07531486,0.0,0.0,0.007323616,0.058067515,0.05660554,0.08739051,0.107542425,0.0
0.45871472,0.15175125,0.13106945,0.0,0.0,0.038857743,0.0,0.4525696,0.15361995,0.0,0.07919741,0.0,0.03950887,0.0,0.021294132,0.0,0.01634505,0.064503446,0.04660441,0.03866611,0.05577141,0.0,0.0,0.057742827,0.067733705,0.0,0.0,0.027975533,0.031228218,0.080696456,0.099280424,0.037296716,0.0,0.06317108,0.02747365,0.05824966,0.055753537,0.047337845,0.048025176,0.0,0.0039373664,0.0,0.0,0.075323395,0.0,0.0,0.0079990765,0.056742378,0.054895386,0.08567935,0.1057049,0.0
0.3988695,0.13463606,0.12280396,0.0,0.0,0.035910886,0.0,0.3938458,0.13625996,0.0,0.07145523,0.0,0.036545042,0.0,0.020896727,0.0,0.015809918,0.065344974,0.04375939,0.03782341,0.05171495,0.0,0.0,0.059807353,0.07052781,0.0,0.0,0.028170383,0.031569436,0.08078505,0.098903894,0.036570918,0.0,0.05913124,0.025719067,0.058083408,0.055854913,0.05440402,0.055092737,0.0017533079,0.00605526,0.0,0.0,0.07285785,0.0,0.0,0.008049715,0.054181453,0.05200726,0.08469773,0.10482425,0.0
0.35369217,0.117838606,0.11287961,0.0,0.0,0.032804888,0.0,0.34955257,0.11921032,0.0,0.062260486,0.0,0.03342371,0.0,0.019679477,0.0,0.01531676,0.06672513,0.041493356,0.037617736,0.04573139,0.0,0.0,0.06335256,0.07549231,0.0,0.0,0.028828843,0.03245042,0.0819842,0.09976184,0.034967244,0.0,0.053123727,0.022399006,0.056967266,0.05495564,0.06081654,0.061492443,0.0036292262,0.008071585,0.0,0.0,0.06916146,0.0,0.0,0.0072858455,0.051460795,0.04914209,0.084099464,0.10432178,0.0
0.3191317,0.10150817,0.10471201,0.0,0.0,0.030038256,0.0,0.31548375,0.10264585,0.0,0.055003226,0.0,0.030639514,0.0,0.018539391,0.0,0.015269686,0.06918071,0.039956477,0.04211914,0.03940196,0.0,0.0,0.066285685,0.079339914,0.0,0.0,0.029534198,0.03337413,0.084407166,0.102129295,0.032106075,0.0,0.045569435,0.017868157,0.05434312,0.052497953,0.06794123,0.06852032,0.007244857,0.011832099,0.002431862,0.001304226,0.064723216,0.0,0.0,0.0061017843,0.04865087,0.04635006,0.08365426,0.10369806,0.0
0.28646213,0.08437236,0.10007835,0.0,0.0,0.028152924,0.0,0.28298327,0.085304424,0.0,0.051544856,0.0,0.028728288,0.0,0.017458033,0.0,0.015653772,0.07197232,0.03896494,0.05104505,0.034949612,0.0,0.0,0.06659591,0.0791574,0.0,0.0,0.029626787,0.033571195,0.086105466,0.103915006,0.028054032,0.0,0.0376494,0.0131968465,0.05036909,0.048676472,0.07333876,0.07373402,0.011165831,0.01573821,0.0023229197,0.0012164153,0.060395945,0.0,0.0,0.0050658886,0.045880277,0.04359673,0.08158848,0.10090907,0.0
0.25961447,0.070537165,0.097128294,0.0,0.0,0.02715395,0.0,0.2561939,0.07133662,0.0,0.05001418,0.0,0.027689926,0.0,0.016412387,0.0,0.01642784,0.074371934,0.03814029,0.06334655,0.03267345,0.0,0.0,0.063077986,0.073902056,0.0,0.0,0.029034138,0.03295435,0.0874149,0.10547086,0.023408534,0.0,0.030041635,0.009091372,0.04604664,0.044478007,0.07816471,0.07841289,0.01602666,0.02059076,0.0015581977,0.00042687915,0.057453606,0.0,0.0,0.004190741,0.043369845,0.0410146,0.078957,0.097648725,0.0
0.23812075,0.059980705,0.09602349,0.0,0.0,0.026365325,0.0,0.23476367,0.06071396,0.0,0.05005777,0.0,0.02685787,0.0,0.015953712,0.0,0.017769791,0.076528415,0.03681279,0.07824026,0.03233719,0.0,0.0,0.05651754,0.06484398,0.0,0.0,0.02805411,0.031854067,0.08864495,0.10714523,0.019072015,0.0,0.023686713,0.0065294653,0.04229452,0.040825535,0.08464329,0.08488576,0.023034206,0.027719058,0.0011424907,0.0,0.055444404,0.0,0.0,0.0036081153,0.04140371,0.038893122,0.076344945,0.09467376,0.0
0.21281007,0.048767865,0.09586642,0.0,0.0,0.025367277,0.0,0.20962673,0.04945929,0.0,0.050921038,0.0,0.025818445,0.0,0.016847078,0.0,0.019771013,0.0790369,0.034635052,0.09623483,0.032383632,0.0,0.0,0.048922516,0.054559134,0.0,0.0,0.027089868,0.030766547,0.0910045,0.11014101,0.015499688,0.0,0.018393723,0.005685971,0.0392562,0.037894115,0.09585665,0.09621731,0.034461647,0.039574046,0.0012287907,0.0,0.053776685,0.0,0.0,0.0029992291,0.040269632,0.037634965,0.07462155,0.09312089,0.0
0.17840308,0.03516216,0.09635913,0.0,0.0,0.024151834,0.0,0.17560828,0.035819247,0.0,0.052730344,0.0,0.024558935,0.0,0.018917095,0.0,0.022198994,0.08074778,0.03137307,0.11580056,0.03232187,0.0,0.0,0.04085885,0.04350386,0.0,0.0,0.026330639,0.029895384,0.09408601,0.11385374,0.012671981,0.0,0.0149954045,0.0069972826,0.037126366,0.035874918,0.10978694,0.110347115,0.049257666,0.054933872,0.0035625966,0.0023010848,0.05233693,0.0,0.0,0.002383522,0.039935794,0.03716501,0.07375893,0.09275062,0.0
0.14328209,0.021893995,0.09464724,0.0,0.0,0.022959825,0.0,0.14108239,0.022536684,0.0,0.05246356,0.0,0.02332623,0.0,0.021899113,0.0,0.024572268,0.082716316,0.027697206,0.13403139,0.03163662,0.0,0.0,0.03357324,0.033805877,0.0,0.0,0.026042234,0.029539274,0.0975169,0.11776003,0.0113337515,0.0,0.012840063,0.009487834,0.03600517,0.034888096,0.12538013,0.12613885,0.06593677,0.07227183,0.008642627,0.007401433,0.051448267,0.0,0.0,0.0013206671,0.04074929,0.037903003,0.07432131,0.094280586,0.0
0.1201936,0.012877112,0.090891294,0.0,0.0,0.021654537,0.0,0.1186871,0.013532586,0.0,0.05008311,0.0,0.021987703,0.0,0.025009662,0.0,0.0265893,0.08469508,0.02384292,0.14918111,0.03013291,0.0,0.0,0.027427483,0.026058504,0.0,0.0,0.026124887,0.029594874,0.10072501,0.121248126,0.010725872,0.0,0.011367066,0.012300486,0.035764497,0.034732755,0.14158162,0.14250696,0.0832535,0.09018635,0.01710748,0.015902987,0.05080542,0.0,0.0,0.0,0.04212587,0.039243918,0.07626283,0.0974688,0.0
0.10855245,0.0065966025,0.0873361,0.0,0.0,0.019844308,0.0,0.10761994,0.007267746,0.0,0.047271952,0.0,0.020154003,0.0,0.028000645,0.0,0.028235272,0.0873935,0.019881107,0.16077249,0.028277688,0.0,0.0,0.023983851,0.021904986,0.0,0.0,0.026286606,0.029775277,0.102664836,0.12336224,0.0098902155,0.0,0.00980285,0.014652142,0.035941076,0.034999594,0.15821831,0.15928003,0.09983019,0.107310414,0.025142921,0.023975287,0.04932966,0.0,0.0,0.0,0.043318056,0.040494546,0.07856819,0.10074997,0.0
0.10410178,0.00392555,0.08314888,0.0,0.0,0.018275546,0.0,0.10359068,0.004600662,0.0,0.04345762,0.0,0.018566485,0.0,0.030441634,0.0,0.029414207,0.09038848,0.016200624,0.16855827,0.026830161,0.0,0.0,0.02192653,0.019517178,0.0,0.0,0.026209936,0.029728722,0.10386661,0.12458635,0.008164499,0.0,0.0080017205,0.01635218,0.036121517,0.035278283,0.1736339,0.17478892,0.1138726,0.12169499,0.033037968,0.03192597,0.04732494,0.0,0.0,0.0,0.04376615,0.04106027,0.08041646,0.103085145,0.0
0.10255234,0.0034226084,0.079270676,0.0,0.0,0.017234977,0.0,0.102321,0.0041047265,0.0,0.039678466,0.0,0.017508782,0.0,0.03250625,0.0,0.030436598,0.09369521,0.0129873995,0.17339863,0.026250213,0.0,0.0,0.020428972,0.01787736,0.0,0.0,0.025873503,0.02939496,0.1047599,0.1254921,0.0057046744,0.0,0.005559588,0.017199133,0.035920992,0.035194203,0.18645543,0.18771413,0.1244542,0.1324654,0.038749732,0.037709627,0.045396402,0.0,0.0,0.0,0.04394418,0.041399453,0.08153612,0.10430251,0.0
0.107659794,0.006855923,0.076114565,0.0,0.0,0.017013965,0.0,0.10759174,0.007577554,0.0,0.036287703,0.0,0.017277054,0.0,0.03442263,0.0,0.03127119,0.09731697,0.010336798,0.17573799,0.026039466,0.0,0.0,0.019179687,0.016818192,0.0,0.0,0.025519826,0.029024154,0.10577509,0.12653822,0.003317467,0.0,0.0030417573,0.017436357,0.035702944,0.03508144,0.1961137,0.19747221,0.13212746,0.1403207,0.043428294,0.042459585,0.044103067,0.0,0.0,0.0,0.04440736,0.04210873,0.08263172,0.10561785,0.0
0.11443161,0.010726169,0.07584037,0.0,0.0,0.01690376,0.0,0.11443715,0.011507079,0.0,0.035465673,0.0,0.017160097,0.0,0.03610155,0.0,0.031997874,0.09980551,0.007720858,0.17598137,0.025155421,0.0,0.0,0.018631585,0.016583852,0.0,0.0,0.02517429,0.028649539,0.106385574,0.12728198,0.0011665793,0.0,0.0011215871,0.017683635,0.035471115,0.03494739,0.20168862,0.203123,0.13718642,0.14556018,0.045698043,0.044806246,0.043314323,0.0,0.0,0.0,0.044923045,0.04284637,0.08317321,0.10636922,0.0
0.12364048,0.015892973,0.077818654,0.0,0.0,0.016689507,0.0,0.12363663,0.016751515,0.0,0.036583155,0.0,0.016943377,0.0,0.037562594,0.0,0.032511525,0.1020367,0.0054527223,0.17564571,0.024103861,0.0,0.0,0.02011624,0.018770117,0.0,0.0,0.025036154,0.028518353,0.10692015,0.12794241,0.0,0.0,0.0,0.01800303,0.035439167,0.035037242,0.20531768,0.20679367,0.14126596,0.14997908,0.046501633,0.04566592,0.043039966,0.0,0.0,0.0,0.04561779,0.043746278,0.08473297,0.10831949,0.0
0.12752314,0.017986227,0.079668134,0.0,0.0,0.016339574,0.0,0.12749319,0.01887865,0.0,0.037616048,0.0,0.016592914,0.0,0.038453244,0.0,0.032763444,0.10359783,0.0035270303,0.17382142,0.022457004,0.0,0.0,0.022000188,0.021406444,0.0,0.0,0.024903283,0.028399577,0.107005686,0.12804727,0.0,0.0,0.0,0.018413022,0.03518079,0.034893274,0.20630643,0.20770887,0.14343023,0.15235312,0.045106117,0.04432083,0.0427752,0.0,0.0,0.0,0.045683898,0.0439146,0.08532996,0.109009124,0.0
0.12938292,0.01935928,0.08156824,0.0,0.0,0.015923299,0.0,0.12930654,0.020264156,0.0,0.038809463,0.0,0.016175255,0.0,0.039014082,0.0,0.032932773,0.10512744,0.0021653064,0.17227429,0.02140947,0.0,0.0,0.024404231,0.024626391,0.0,0.0,0.02486939,0.028382003,0.107055716,0.1280177,0.0,0.0,0.0,0.018780215,0.034869164,0.034664433,0.20702687,0.208356,0.14478451,0.15388885,0.043253966,0.042492542,0.04226708,0.0,0.0,0.0,0.04574632,0.04395241,0.08589321,0.10949182,0.0
0.12759066,0.018645782,0.083906636,0.0,0.0,0.015556446,0.0,0.12745808,0.019540679,0.0,0.040492184,0.0,0.015809398,0.0,0.03976746,0.0,0.03314254,0.10728619,0.0011605155,0.17105868,0.020333743,0.0,0.0,0.027043542,0.02804102,0.0,0.0,0.02496443,0.0284969,0.10740127,0.12828065,0.0,0.0,0.0,0.019070381,0.034517415,0.034358837,0.20926885,0.21057639,0.14607248,0.15533853,0.041224882,0.040473204,0.041230384,0.0,0.0,0.0,0.04579229,0.043880504,0.08563953,0.1089687,0.0
0.12678435,0.01861395,0.08714333,0.0,0.0,0.0154502485,0.0,0.12661774,0.019508718,0.0,0.043041736,0.0,0.015703678,0.0,0.040910523,0.0,0.033470623,0.11108342,0.0005313996,0.1713531,0.019485261,0.0,0.0,0.029376378,0.03133429,0.0,0.0,0.025256552,0.028824482,0.10866148,0.12950027,0.0,0.0,0.0,0.019020546,0.034254745,0.03412743,0.21509124,0.21650249,0.14859936,0.15821084,0.040201224,0.03943089,0.040136714,0.0,0.0,0.0,0.046139583,0.044116393,0.08614236,0.109385446,0.0
0.1292691,0.019789115,0.09085582,0.0,0.0,0.01594268,0.0,0.12910509,0.020704372,0.0,0.045935906,0.0,0.016200926,0.0,0.04269712,0.0,0.033910345,0.11740744,0.0,0.1710001,0.01852972,0.0,0.0,0.031493116,0.03449522,0.0,0.0,0.02557846,0.029181212,0.11063935,0.13153021,0.0,0.0,0.0,0.018802188,0.034232385,0.034107342,0.22425625,0.22593507,0.15193167,0.16197717,0.041259564,0.040478792,0.039146528,0.0,0.0,0.0,0.046731092,0.044644214,0.08651998,0.10967578,0.0
0.13059035,0.019922623,0.09483016,0.0,0.0,0.016905524,0.0,0.13044733,0.020862743,0.0,0.048914455,0.0,0.017169312,0.0,0.045092564,0.0,0.034588836,0.1255792,0.0,0.16881223,0.017095372,0.0,0.0,0.03253787,0.036613546,0.0,0.0,0.025713054,0.029327964,0.11267953,0.13375367,0.0,0.0,0.0,0.01856542,0.034016635,0.033892807,0.23495372,0.23699707,0.15500931,0.16545619,0.042539816,0.041764475,0.03824971,0.0,0.0,0.0,0.04741887,0.04530401,0.085730694,0.10864106,0.0
0.13096997,0.020171693,0.09972566,0.0,0.0,0.01839382,0.0,0.13084285,0.021155823,0.0,0.05293593,0.0,0.018660257,0.0,0.047943037,0.0,0.035525694,0.1342363,0.0,0.16514853,0.015933326,0.0,0.0,0.033061296,0.038007032,0.0,0.0,0.025747389,0.029359773,0.11474192,0.13608728,0.0,0.0,0.0,0.01871967,0.033715975,0.033598978,0.24576744,0.24817726,0.15751216,0.16833283,0.04478509,0.044036705,0.037822336,0.0,0.0,0.0,0.048719727,0.04660029,0.08511009,0.10790147,0.0
0.1244273,0.017157726,0.104306124,0.0,0.0,0.020080205,0.0,0.12432018,0.018162353,0.0,0.05713714,0.0,0.020347439,0.0,0.051253647,0.0,0.0365752,0.14323771,0.0,0.16123816,0.01469418,0.0,0.0,0.033646476,0.03936597,0.0,0.0,0.0259076,0.02955044,0.11719535,0.1388709,0.0,0.0,0.0,0.018930089,0.033109386,0.033065293,0.25568455,0.25829026,0.15941109,0.17065239,0.046212234,0.04549284,0.037653286,0.0,0.0,0.0,0.050428055,0.048430096,0.08510911,0.10820024,0.0
0.1208388,0.016421879,0.107812636,0.0,0.0,0.021903895,0.0,0.12076371,0.0174351,0.0,0.060832284,0.0,0.02216839,0.0,0.05478557,0.0,0.037364006,0.15359345,0.0,0.15838969,0.014436979,0.0,0.0,0.03468269,0.041051596,0.0,0.0,0.026345441,0.030046636,0.12057845,0.14241663,0.0,0.0,0.0,0.01890492,0.032616813,0.032661933,0.26491064,0.2675419,0.16114819,0.17289588,0.049186785,0.048457723,0.037759405,0.0,0.0,0.0,0.052320465,0.050599568,0.08675151,0.11067458,0.0
0.11985418,0.016657172,0.11036931,0.0,0.0,0.023556378,0.0,0.11979403,0.017661536,0.0,0.063923955,0.0,0.023816884,0.0,0.058411233,0.0,0.037909497,0.16422129,0.0,0.15432924,0.014287163,0.0,0.0,0.036762856,0.043458007,0.0,0.0,0.026904408,0.030661495,0.12428872,0.14614013,0.0,0.0,0.0,0.018827,0.032146364,0.03223855,0.27192628,0.27448365,0.16167642,0.17371786,0.052281003,0.05153159,0.03762144,0.0,0.0,0.0,0.053668056,0.052225076,0.087692566,0.11231362,0.0
0.118763976,0.01695637,0.11154097,0.0,0.0,0.0247171,0.0,0.1186744,0.017922705,0.0,0.06578774,0.0,0.024969433,0.0,0.061866093,0.0,0.038443185,0.1742439,0.0,0.15034276,0.014638457,0.0,0.0,0.039145112,0.046082236,0.0,0.0,0.027559452,0.031373955,0.1284062,0.15021011,0.0,0.0,0.0,0.018485177,0.03136974,0.031484365,0.27783683,0.28021505,0.16138588,0.17350157,0.053171635,0.05237838,0.03772411,0.0,0.0,0.0,0.054363463,0.05315215,0.08789362,0.113043346,0.0
0.11581923,0.016681315,0.11210396,0.0,0.0,0.025086265,0.0,0.115666896,0.017596968,0.0,0.06729131,0.0,0.025324894,0.0,0.064914234,0.0,0.039102662,0.1821487,0.0,0.14753392,0.015628781,0.0,0.0,0.041480336,0.04829976,0.0,0.0,0.028241158,0.032102954,0.13274804,0.15453982,0.0,0.0,0.0,0.018299205,0.030393,0.030505478,0.2830611,0.2852208,0.16120665,0.1732797,0.05244752,0.051608734,0.038078558,0.0,0.0,0.0,0.054499824,0.053437952,0.087978534,0.11355915,0.0
0.11064262,0.014634553,0.11222948,0.0,0.0,0.024753928,0.0,0.11040756,0.015487675,0.0,0.068345755,0.0,0.0249802,0.0,0.06763516,0.0,0.039790668,0.18870738,0.0,0.1464932,0.016693052,0.0,0.0,0.043547504,0.050041854,0.0,0.0,0.028880754,0.032776974,0.13706537,0.15894677,0.0,0.0,0.0,0.01811744,0.029395001,0.02950788,0.28820372,0.29012793,0.16160163,0.17364195,0.050314445,0.04943073,0.038422246,0.0,0.0,0.0,0.054080382,0.053144526,0.08765143,0.11360098,0.0
0.10729493,0.013259547,0.113030404,0.0,0.0,0.024183784,0.0,0.10698041,0.0140776485,0.0,0.06978703,0.0,0.024403129,0.0,0.069854274,0.0,0.040257297,0.19365743,0.0,0.14538066,0.0173615,0.0,0.0,0.04497958,0.051107716,0.0,0.0,0.029332744,0.033232827,0.14047576,0.16241066,0.0,0.0,0.0,0.018311152,0.028738275,0.028832987,0.29206985,0.29386044,0.16203675,0.17407708,0.04872085,0.04781898,0.038440533,0.0,0.0,0.0,0.053477786,0.05265548,0.08678955,0.11288835,0.0
0.10458577,0.011869035,0.115213804,0.0,0.0,0.02390628,0.0,0.10419611,0.012683906,0.0,0.07227413,0.0,0.024127033,0.0,0.07134403,0.0,0.040457018,0.19578253,0.0,0.14214118,0.017121084,0.0,0.0,0.04599137,0.051754013,0.0,0.0,0.02968138,0.033581622,0.14263666,0.16462779,0.0,0.0,0.0,0.019063145,0.028566115,0.028625429,0.29293513,0.29468846,0.16095658,0.17286947,0.048219625,0.047348727,0.03813241,0.0,0.0,0.0,0.052926578,0.052201323,0.08517978,0.111217886,0.0
0.10494354,0.012415137,0.118757315,0.0,0.0,0.023576459,0.0,0.10448608,0.0132568795,0.0,0.07572839,0.0,0.0238012,0.0,0.072062574,0.0,0.040512055,0.19539428,0.0,0.13979948,0.017020851,0.0,0.0,0.04666421,0.05217704,0.0,0.0,0.030028576,0.033957694,0.14424148,0.16627538,0.0,0.0,0.0,0.019822005,0.028664365,0.028699193,0.2924208,0.29421455,0.15947556,0.17121485,0.049079202,0.048248876,0.037845977,0.0,0.0,0.0,0.05251699,0.05183821,0.08418979,0.110133946,0.0
0.11194075,0.016020207,0.12293052,0.0,0.0,0.02298101,0.0,0.111409634,0.01691773,0.0,0.07939125,0.0,0.023208395,0.0,0.07186885,0.0,0.040480345,0.19275716,0.0,0.13889417,0.01708319,0.0,0.0,0.04688282,0.05211343,0.0,0.0,0.03042788,0.034396842,0.14531623,0.1673559,0.0,0.0,0.0,0.02036126,0.028988913,0.02899909,0.29020077,0.29207113,0.15803246,0.16954678,0.05103917,0.050242525,0.037746064,0.0,0.0,0.0,0.05194692,0.051202513,0.084305026,0.11014058,0.0
0.117212616,0.01827157,0.1264704,0.0,0.0,0.02179753,0.0,0.11659999,0.019215425,0.0,0.0818871,0.0,0.022026032,0.0,0.07094477,0.0,0.040442042,0.1886145,0.0,0.13864577,0.016576838,0.0,0.0,0.046455808,0.051769488,0.0,0.0,0.030703403,0.034705576,0.14518605,0.16715546,0.0,0.0,0.0,0.020515133,0.02895378,0.029003007,0.28596032,0.28785157,0.15685122,0.16816056,0.050591502,0.049816724,0.037636675,0.0,0.0,0.0,0.050960783,0.05005032,0.084690884,0.11019898,0.0
0.11899275,0.019121941,0.12954012,0.0,0.0,0.020469807,0.0,0.1183189,0.020105772,0.0,0.083869964,0.0,0.020694753,0.0,0.06931923,0.0,0.040220156,0.18362515,0.0,0.138855,0.016084949,0.0,0.0,0.045259446,0.050856944,0.0,0.0,0.030776164,0.034785524,0.14377733,0.16549619,0.0,0.0,0.0,0.020726373,0.0286302,0.02874181,0.27969205,0.28151184,0.15602829,0.16723835,0.048478026,0.047708664,0.037849423,0.0,0.0,0.0,0.049879145,0.048770744,0.08563578,0.11078997,0.0
0.115509965,0.018035136,0.13147059,0.0,0.0,0.01937735,0.0,0.114824675,0.01904742,0.0,0.085090026,0.0,0.019595314,0.0,0.06735553,0.0,0.039756738,0.17844036,0.0,0.13958627,0.015755791,0.0,0.0,0.043005675,0.04865469,0.0,0.0,0.030609183,0.0345838,0.14154592,0.16283599,0.0,0.0,0.0,0.02122216,0.028195912,0.028340884,0.27199972,0.27363205,0.1553099,0.16641942,0.04624697,0.04548026,0.03794005,0.0,0.0,0.0,0.048734516,0.04743046,0.08684249,0.11160221,0.0
0.11540815,0.019027531,0.13236667,0.0,0.0,0.018557545,0.0,0.1147669,0.020081794,0.0,0.085528135,0.0,0.018765712,0.0,0.065641075,0.0,0.039020747,0.17470053,0.0,0.14142416,0.015972203,0.0,0.0,0.04013638,0.045803837,0.0,0.0,0.03032738,0.03424324,0.13964081,0.16038522,0.0,0.0,0.0,0.0216208,0.027971622,0.028095419,0.264907,0.2663924,0.15514559,0.16619503,0.045552805,0.044777688,0.03822502,0.0,0.0,0.0,0.047733977,0.046252787,0.08798299,0.11233687,0.0
0.11384923,0.018907527,0.13203424,0.0,0.0,0.017857997,0.0,0.11329085,0.019987099,0.0,0.08484396,0.0,0.018056493,0.0,0.064532086,0.0,0.038324527,0.17287831,0.0,0.14275533,0.015910715,0.0,0.0,0.037225075,0.043125764,0.0,0.0,0.030087754,0.033946935,0.13847052,0.15874541,0.0,0.0,0.0,0.021534257,0.027669203,0.02776134,0.25927112,0.26066202,0.15470347,0.16564551,0.04415818,0.04338953,0.038779974,0.0,0.0,0.0,0.04674141,0.0450909,0.08814792,0.11187812,0.0
0.111592904,0.01899735,0.13234957,0.0,0.0,0.017254045,0.0,0.111159146,0.020105893,0.0,0.08486439,0.0,0.017441325,0.0,0.06383145,0.0,0.03763756,0.17143638,0.0,0.14197011,0.01571738,0.0,0.0,0.03557109,0.042095788,0.0,0.0,0.030039426,0.033896625,0.13797307,0.15784317,0.0,0.0,0.0,0.021250792,0.027518328,0.02756938,0.25465187,0.2561115,0.15346913,0.16428787,0.042690992,0.04196267,0.039880894,0.0,0.0,0.0,0.045984518,0.044160157,0.088114776,0.11111565,0.0
0.10657548,0.017180702,0.13398704,0.0,0.0,0.016783655,0.0,0.10629369,0.018306438,0.0,0.08629665,0.0,0.016959902,0.0,0.063181624,0.0,0.036958292,0.16953702,0.0,0.14017065,0.015551487,0.0,0.0,0.03448359,0.041501634,0.0,0.0,0.030115677,0.03401593,0.13790542,0.15747355,0.0,0.0,0.0,0.02059585,0.027403567,0.027393062,0.2505307,0.25208366,0.15062128,0.1610999,0.04111848,0.040459894,0.04108211,0.0,0.0,0.0,0.04507126,0.04298843,0.08756276,0.10968138,0.0
0.10656002,0.018333096,0.13696967,0.0,0.0,0.016510626,0.0,0.10642776,0.019503182,0.0,0.088948846,0.0,0.016680494,0.0,0.06176971,0.0,0.03606137,0.16499451,0.00030482188,0.13719241,0.015872436,0.0,0.0,0.0331513,0.040223386,0.0,0.0,0.030164398,0.034120157,0.13744771,0.15657362,0.0,0.0,0.0,0.019873647,0.027725596,0.027601518,0.24497113,0.24664338,0.14606948,0.15590352,0.0427545,0.042179905,0.0416412,0.0,0.0,0.0,0.04404778,0.0416032,0.0875359,0.10871667,0.0
0.106033675,0.018057495,0.14038272,0.0,0.0,0.01591416,0.0,0.10600115,0.019253727,0.0,0.09174103,0.0,0.016084809,0.0,0.059828646,0.0,0.035210997,0.15873876,0.001781635,0.13436282,0.016024653,0.0,0.0,0.0321061,0.039013833,0.0,0.0,0.030233903,0.034247074,0.13651544,0.15523273,0.0,0.0,0.0,0.018335715,0.02785586,0.027639762,0.23859152,0.24031678,0.14022464,0.14915898,0.04384259,0.04333881,0.04162434,0.0,0.0,0.0,0.042937696,0.04000215,0.086550444,0.10659964,0.0
0.10611947,0.018618364,0.1449998,0.0,0.0,0.015074908,0.0,0.106128156,0.01984423,0.0,0.09550994,0.0,0.015250457,0.0,0.05708094,0.0,0.034342743,0.15008943,0.0032595135,0.1312783,0.016160354,0.0,0.0,0.032139823,0.038673706,0.0,0.0,0.030392095,0.034459792,0.13462907,0.15284285,0.0,0.0,0.0,0.016537635,0.027994415,0.027700331,0.23079401,0.23253913,0.1338965,0.14185458,0.045223407,0.044776123,0.041145884,0.0,0.0,0.0,0.042122193,0.03861151,0.08607234,0.10500778,0.0
0.106162824,0.01956999,0.14998025,0.0,0.0,0.013862071,0.0,0.10618659,0.02082102,0.0,0.09953572,0.0,0.014045046,0.0,0.05388472,0.0,0.033281125,0.14027995,0.004912505,0.128517,0.01587603,0.0,0.0,0.033434883,0.039663453,0.0,0.0,0.030744348,0.034887817,0.1322523,0.1499111,0.0,0.0,0.0,0.01442725,0.028220266,0.02786934,0.2217883,0.22353579,0.12756374,0.1345869,0.046262275,0.045852896,0.040470727,0.0,0.0,0.0,0.041429218,0.037339695,0.08608677,0.10394372,0.0
0.10267274,0.018417265,0.1545628,0.0,0.0,0.012582623,0.0,0.10271624,0.01966417,0.0,0.10330231,0.0,0.012773646,0.0,0.050063327,0.0,0.031820618,0.13015196,0.0069292877,0.12525798,0.0154205365,0.0,0.0,0.034901377,0.04069618,0.0,0.0,0.031052982,0.03524803,0.12887526,0.14579663,0.0,0.0,0.0,0.012014184,0.028285231,0.027875151,0.21000317,0.21157217,0.11981581,0.12576917,0.04582798,0.045443416,0.03952692,0.0,0.0,0.0,0.04046334,0.035821777,0.0854905,0.10215748,0.0
0.100824915,0.018230595,0.15833199,0.0,0.0,0.01164882,0.0,0.100887135,0.019472659,0.0,0.106420964,0.0,0.01184926,0.0,0.045846347,0.0,0.03000346,0.11986913,0.00920614,0.12070799,0.014848549,0.0,0.0,0.036181293,0.041496925,0.0,0.0,0.031348296,0.035587057,0.12510753,0.1411626,0.0,0.0,0.0,0.00969675,0.02848659,0.02796815,0.19594114,0.19726068,0.11094889,0.11574602,0.04605705,0.045684263,0.03873375,0.0,0.0,0.0,0.039438818,0.034321252,0.084628105,0.10015688,0.0
0.095094666,0.014844066,0.16046281,0.0,0.0,0.011202305,0.0,0.095176,0.016044058,0.0,0.10812225,0.0,0.011416098,0.0,0.04148319,0.0,0.028097803,0.11016981,0.0121696675,0.11446254,0.013671215,0.0,0.0,0.03772556,0.042676188,0.0,0.0,0.031646315,0.035946123,0.12135646,0.13671583,0.0,0.0,0.0,0.0072958553,0.028543338,0.027911097,0.18009853,0.1810514,0.10017139,0.10373744,0.044909824,0.044539493,0.038382456,0.0,0.0,0.0,0.038549438,0.03304818,0.08271697,0.09723652,0.0
0.09341006,0.012900971,0.16097791,0.0,0.0,0.011603066,0.0,0.09351032,0.014054128,0.0,0.108337045,0.0,0.011835839,0.0,0.036970906,0.0,0.02611918,0.10084619,0.015554013,0.10637361,0.012037782,0.0,0.0,0.04006054,0.044887062,0.0,0.0,0.03197489,0.036378775,0.11809835,0.13295865,0.0023406446,0.0,0.0,0.005173441,0.028844465,0.028079439,0.16350171,0.16411464,0.088400975,0.09084611,0.045676563,0.045288574,0.038341902,0.0,0.0,0.0,0.038023084,0.032274596,0.081326194,0.095354356,0.0
0.087291926,0.007151996,0.15782955,0.0,0.0,0.0126559455,0.0,0.087418646,0.008199092,0.0,0.10528751,0.0,0.012913902,0.0,0.032430813,0.0,0.024274617,0.09262051,0.019417075,0.097534046,0.009646205,0.0,0.0,0.042290874,0.04706685,0.0,0.0,0.032146547,0.036668304,0.11505115,0.12978022,0.0051396885,0.0,0.0,0.0031766128,0.028837092,0.027982691,0.14634773,0.1465714,0.07564908,0.077083796,0.045827016,0.04540781,0.03814407,0.0,0.0,0.0,0.037506986,0.031638846,0.07939167,0.093247995,0.0
0.080542475,0.00031446945,0.15266497,0.0,0.0,0.014399603,0.0,0.08068061,0.0012346844,0.0,0.100611635,0.0,0.014684359,0.0,0.02786946,0.0,0.02262151,0.08478489,0.022776358,0.08831096,0.007356882,0.0,0.0,0.043753028,0.04804032,0.0,0.0,0.031979285,0.036558434,0.11122005,0.12594983,0.0073216856,0.0,0.0,0.0018502008,0.028557625,0.02761776,0.12859464,0.12843817,0.062971205,0.063480556,0.04657338,0.04612252,0.03743717,0.0,0.0,0.0,0.03698176,0.031007133,0.07713321,0.09100851,0.0
0.07507474,0.0,0.14624214,0.0,0.0,0.016253863,0.0,0.07519625,0.0,0.0,0.094818056,0.0,0.01656872,0.0,0.023845583,0.0,0.021234224,0.07770001,0.025377303,0.080442645,0.005191436,0.0,0.0,0.043601546,0.04713857,0.0,0.0,0.031577606,0.036155075,0.10707696,0.12193042,0.009322635,0.0,0.0,0.0011299606,0.028171586,0.02717244,0.11219573,0.11176015,0.05220128,0.05201894,0.048154727,0.047674417,0.036199927,0.0,0.0,0.0,0.03645068,0.030408632,0.0755366,0.089651056,0.0
0.07310868,0.0,0.13920711,0.0,0.0,0.018006649,0.0,0.07320805,0.0,0.0,0.08841363,0.0,0.018355398,0.0,0.020383913,0.0,0.019935217,0.07116705,0.02728116,0.07318327,0.0029373383,0.0,0.0,0.042397674,0.045235515,0.0,0.0,0.030971695,0.035493392,0.102599844,0.117594525,0.011460455,0.0,0.0013788324,0.0009863526,0.02786351,0.026834283,0.09724109,0.09663202,0.043292467,0.042696692,0.050335612,0.049836963,0.034646504,0.0,0.0,0.0,0.036067083,0.03002984,0.07463073,0.08919133,0.0
0.07209627,0.0,0.13127923,0.0,0.0,0.019146249,0.0,0.07218203,0.0,0.0,0.08097349,0.0,0.019528916,0.0,0.017538628,0.0,0.01866788,0.06579332,0.028720355,0.06668224,0.00069670286,0.0,0.0,0.040491845,0.043031406,0.0,0.0,0.030123295,0.03456666,0.09797925,0.113092504,0.013457732,0.0,0.004352916,0.0011050235,0.027480222,0.026495496,0.084372304,0.08367637,0.03615848,0.03542504,0.05182978,0.051329177,0.03280767,0.0,0.0,0.0,0.035586357,0.029661536,0.07395104,0.088925004,0.0
0.06981963,0.0,0.12435268,0.0,0.0,0.01967284,0.0,0.06989723,0.0,0.0,0.0744501,0.0,0.020084526,0.0,0.015001636,0.0,0.017437361,0.06103785,0.02971721,0.06042601,0.0,0.0,0.0,0.03812583,0.040456016,0.0,0.0,0.028992683,0.03334046,0.09315714,0.10833444,0.014932405,0.0,0.0074338503,0.0015863348,0.027030863,0.026133953,0.07305635,0.072322235,0.02983386,0.029043604,0.05238285,0.051914603,0.030972265,0.0,0.0,0.0,0.034811113,0.029018126,0.07278411,0.0878444,0.0
0.06644637,0.0,0.119487904,0.0,0.0,0.01969738,0.0,0.0664867,0.0,0.0,0.069717325,0.0,0.02013302,0.0,0.012632582,0.0,0.016236441,0.05647414,0.030326718,0.054250643,0.0,0.0,0.0,0.035384677,0.03755206,0.0,0.0,0.027655518,0.031899016,0.08806811,0.10316202,0.01574504,0.0,0.010615634,0.002432242,0.026569394,0.025781462,0.062756,0.062021777,0.023900446,0.023046676,0.05217612,0.051758558,0.029145367,0.0,0.0,0.0,0.033717945,0.028035175,0.07101812,0.08581701,0.0
0.06317245,0.0,0.116979875,0.0,0.0012671724,0.019768529,0.0,0.063153505,0.0,0.0,0.0672101,0.0007236153,0.020227496,0.0,0.010306778,0.0,0.015057098,0.051136307,0.030587895,0.047329877,0.0,0.0,0.0,0.032405477,0.03440929,0.0,0.0,0.02628905,0.030437088,0.08315725,0.098144114,0.016415946,0.0,0.014141586,0.003780433,0.026404873,0.025684675,0.052934866,0.052282453,0.017930698,0.017012961,0.052444264,0.052086316,0.027662255,0.0,0.0,0.0,0.032526422,0.026917417,0.06894008,0.083406046,0.0
0.060491677,0.0,0.11611531,0.0,0.003809519,0.020099986,0.0,0.060403995,0.0,0.0,0.06624334,0.0033117384,0.020584872,0.0,0.0081617385,0.0,0.013888786,0.045267962,0.030473717,0.039469667,0.0,0.0,0.0,0.029577423,0.031505212,0.0,0.0,0.024953794,0.029016355,0.07845635,0.0933501,0.01714544,0.0,0.017942242,0.005522105,0.026599497,0.025895355,0.043533806,0.043048993,0.01207419,0.011115817,0.05305916,0.052753497,0.026488809,0.0,0.0,0.0,0.03144027,0.02589327,0.06650179,0.080727756,0.0
0.057455108,0.0,0.116502136,0.0,0.0062980577,0.020639393,0.0,0.057302345,0.0,0.0,0.06658477,0.005810119,0.021153811,0.0,0.0065022456,0.0,0.01278523,0.039818674,0.029959485,0.0313511,0.0,0.0,0.0,0.027128927,0.028980747,0.0,0.0,0.023714507,0.02770774,0.07435665,0.089238375,0.01796063,0.0,0.02169953,0.0074649174,0.027123315,0.026396206,0.03550405,0.035272412,0.006978376,0.0060338364,0.05415766,0.053898785,0.025524551,0.0,0.0,0.0,0.030451719,0.024984721,0.06404247,0.07816539,0.0
0.05378796,0.0,0.11770114,0.0,0.0087873675,0.021341637,0.0,0.053579364,0.0,0.0,0.06787692,0.008267343,0.021887396,0.0,0.0053793816,0.0,0.011768,0.03509159,0.029012188,0.023435239,0.0,0.0,0.0,0.025457999,0.027145825,0.0,0.0,0.022602446,0.026537105,0.07084392,0.08570966,0.018840075,0.0,0.025231753,0.00951278,0.027916258,0.027134854,0.029408917,0.029461667,0.0030478342,0.0021408945,0.05585698,0.055642463,0.024587383,0.0,0.0,0.0,0.02959612,0.024218759,0.061699226,0.07579806,0.0
0.05093024,0.0,0.11968474,0.0,0.0104857385,0.022020392,0.0,0.0506787,0.0,0.0,0.07003619,0.0099078715,0.022594914,0.0,0.0047767726,0.0,0.010816874,0.031487644,0.027934859,0.016725395,0.0,0.0,0.0,0.024337048,0.025962818,0.0,0.0,0.021667857,0.025559667,0.06805844,0.08283485,0.019734949,0.0,0.02849665,0.01155087,0.028971558,0.0281386,0.025437076,0.025792953,0.00052176043,0.0,0.057922237,0.057747178,0.023874033,0.0,0.0,0.0,0.029001433,0.023732673,0.060167927,0.07435891,0.0
0.049207795,0.0,0.12267695,0.0,0.011647411,0.022643013,0.0,0.04894776,0.0,0.0,0.07331346,0.011011317,0.023240598,0.0,0.0043786084,0.0,0.009850789,0.028550595,0.02695827,0.011139967,0.0,0.0,0.0,0.023959637,0.025586925,0.0,0.0,0.020893015,0.02475359,0.0659392,0.08047643,0.020601422,0.0,0.031572573,0.013533786,0.030205678,0.029328814,0.022873716,0.023485443,0.0,0.0,0.06040246,0.060270227,0.02363247,0.0,0.0,0.0,0.028713569,0.023558162,0.059418544,0.07374614,0.0
0.048948117,0.0,0.12579061,0.0,0.012692731,0.023056433,0.0,0.04870847,0.0,0.0,0.07670222,0.012010604,0.023668801,0.0,0.0040878593,0.0,0.008862663,0.026637401,0.026451444,0.0067844316,0.0,0.0,0.0,0.02424423,0.025990963,0.0,0.0,0.02029662,0.024134679,0.06435862,0.07852018,0.02134462,0.0,0.034243718,0.01521115,0.03141608,0.0305167,0.020987563,0.021783719,0.0,0.0,0.06287155,0.06277994,0.023748048,0.0,0.0,0.0,0.028593302,0.023563977,0.059037592,0.07348365,0.0
0.048091196,0.0,0.12802522,0.0,0.014187183,0.02325279,0.0,0.047906764,0.0,0.0,0.07922437,0.013480537,0.023870492,0.0,0.0038347743,0.0,0.007971097,0.025070444,0.026169674,0.0028527193,0.0,0.0,0.0,0.025447624,0.027459405,0.0,0.0,0.01990001,0.023727313,0.06323007,0.077020116,0.021961372,0.0,0.036179706,0.016464096,0.03237274,0.03145106,0.019574739,0.020485053,0.0,0.0,0.06428682,0.06422722,0.02421892,0.0,0.0,0.0,0.028575473,0.023649354,0.058198772,0.07269236,0.0
0.046315525,0.0,0.12914951,0.0,0.01514196,0.023325413,0.0,0.04619105,0.0,0.0,0.080634214,0.014428388,0.023940776,0.0,0.0036272747,0.0,0.007262987,0.023306701,0.025736552,0.0,0.0,0.0,0.0,0.027129821,0.029380979,0.0,0.0,0.01965164,0.023473054,0.062264755,0.07577319,0.02233297,0.0,0.037890777,0.017623108,0.033169642,0.03221627,0.018502014,0.0194989,0.0,0.0,0.06501491,0.064978495,0.024532408,0.0,0.0,0.0,0.028618414,0.023761893,0.057232272,0.07173334,0.0
0.044125598,0.0,0.1303193,0.0,0.01489941,0.023284363,0.0,0.044060864,0.0,0.0,0.08216913,0.014166687,0.023891913,0.0,0.0034228473,0.0,0.00659803,0.02127894,0.024949208,0.0,0.0,0.0,0.0,0.029008707,0.03131448,0.0,0.0,0.019473093,0.0232915,0.061421685,0.07469936,0.022375226,0.0,0.039592106,0.01883787,0.033928946,0.03294962,0.017790806,0.018854262,0.0,0.0,0.06537187,0.06535573,0.024754308,0.0,0.0,0.0,0.02869704,0.023892436,0.056777325,0.071290255,0.0
0.042200744,0.0,0.1316111,0.0,0.01426968,0.023319675,0.0,0.04217722,0.0,0.0,0.08393141,0.013510689,0.023915801,0.0,0.0028278544,0.0,0.0058988966,0.018680057,0.024008883,0.0,0.0,0.0,0.0,0.030284237,0.03212089,0.0,0.0,0.01921677,0.023004558,0.06013979,0.07313344,0.022158034,0.0,0.041563723,0.020230995,0.034620665,0.033611834,0.016128724,0.017182127,0.0,0.0,0.06671992,0.06673436,0.024452984,0.0,0.0,0.0,0.028566377,0.023779728,0.056626588,0.07101834,0.0
0.041340753,0.0,0.13338438,0.0,0.013676401,0.023335082,0.0,0.041341458,0.0,0.0,0.08619802,0.012859173,0.023919754,0.0,0.0020520468,0.0,0.0051986426,0.015964901,0.02297983,0.0,0.0,0.0,0.0,0.03105487,0.03208943,0.0,0.0,0.018867169,0.02260334,0.058662813,0.07137928,0.021874646,0.0,0.04346066,0.021657972,0.035185482,0.034139212,0.013792232,0.014831249,0.0,0.0,0.06885107,0.06890865,0.02394034,0.0,0.0,0.0,0.02821425,0.02339314,0.056209758,0.07029319,0.0
0.040374085,0.0,0.13549088,0.0,0.013197631,0.023182677,0.0,0.040382143,0.0,0.0,0.08868029,0.012298875,0.023758616,0.0,0.0013052505,0.0,0.004580661,0.013701968,0.021962266,0.0,0.0,0.0,0.0,0.031439185,0.03180281,0.0,0.0,0.018508855,0.02220635,0.05741288,0.06994132,0.021765314,0.0,0.044780925,0.022818286,0.035560198,0.034488995,0.011881726,0.012931161,0.0,0.0,0.07047787,0.07057503,0.023340002,0.0,0.0,0.0,0.027717989,0.022878246,0.055655383,0.06943967,0.0
0.039444733,0.0,0.1385751,0.0,0.012141813,0.022975668,0.0,0.03944654,0.0,0.0,0.092021756,0.011138458,0.023545524,0.0,0.0008164272,0.0,0.004098621,0.012554409,0.021065943,0.0,0.0,0.0,0.0,0.031602014,0.03142679,0.0,0.0,0.018158823,0.021825807,0.056622755,0.06901294,0.02164071,0.0,0.04559623,0.023708737,0.035828505,0.03475342,0.011042945,0.012121759,0.0,0.0,0.07213695,0.07226848,0.022700077,0.0,0.0,0.0,0.027396735,0.02258034,0.055746622,0.06934898,0.0
0.04041903,0.0,0.1424423,0.0,0.011096649,0.022863176,0.0,0.04040329,0.0,0.0,0.09590638,0.010020513,0.023426065,0.0,0.0003963667,0.0,0.003692015,0.012200835,0.020471537,0.0,0.0,0.0,0.0,0.03146673,0.030924216,0.0,0.0,0.017794954,0.021418683,0.055950794,0.068130516,0.02148252,0.0,0.045789734,0.024144515,0.0358202,0.034758974,0.010517446,0.011588082,0.0,0.0,0.07361743,0.07376844,0.022203512,0.0,0.0,0.0,0.027321443,0.022550607,0.056148052,0.06962232,0.0
0.042232428,0.0,0.14597188,0.0,0.010602452,0.022875242,0.0,0.042193584,0.0,0.0,0.09934817,0.009487379,0.023429858,0.0,8.825725e-05,0.0,0.0034854985,0.012235458,0.020154666,0.0,0.0,0.0,0.0,0.031205818,0.030337417,0.0,0.0,0.017379483,0.020938575,0.05525417,0.067222066,0.021233782,0.0,0.045388255,0.024134286,0.03540807,0.034352984,0.010045858,0.011067186,0.0,0.0,0.07462018,0.07477238,0.021918409,0.0,0.0,0.0,0.027419716,0.02265718,0.056100752,0.06942774,0.0
0.043653667,0.0,0.14793445,0.0,0.010604974,0.022874903,0.0,0.04358199,0.0,0.0,0.10115786,0.009458613,0.023421936,0.0,0.00020015845,0.0,0.003511101,0.013026631,0.019996217,0.0,0.0,0.0,0.0,0.031379897,0.03055073,0.0,0.0,0.017067492,0.020576835,0.054976087,0.06685409,0.021043144,0.0,0.04422557,0.02359664,0.03468056,0.03363383,0.010642249,0.011623621,0.0,0.0,0.073564805,0.073686786,0.022141656,0.0,0.0,0.0,0.027700135,0.022933442,0.055756174,0.06907057,0.0
0.043307558,0.0,0.14714333,0.0,0.011274952,0.023089603,0.0,0.043200295,0.0,0.0,0.10038102,0.0100834705,0.02362779,0.0,0.0007574763,0.0,0.0038046348,0.014722121,0.019939266,0.0,0.0,0.0,0.0,0.032127332,0.03157259,0.0,0.0,0.017000187,0.02048748,0.055334516,0.06726941,0.020906243,0.0,0.04249789,0.022664834,0.033846915,0.032813147,0.01277509,0.013696631,0.0,0.0,0.07062748,0.07068747,0.022716992,0.0,0.0,0.0,0.028229397,0.023490965,0.055957697,0.069549166,0.0
0.043911904,0.0,0.14403223,0.0,0.012383033,0.02390773,0.0,0.043765992,0.0,0.0,0.09747228,0.011143271,0.024432331,0.0,0.0015361677,0.0,0.0043139243,0.016585203,0.019850884,0.0,0.0,0.0,0.0,0.033318944,0.0328141,0.0,0.0,0.017156497,0.020615239,0.055920035,0.06793616,0.020685602,0.0,0.040990688,0.021800151,0.03311952,0.03207385,0.015253333,0.016079225,0.0016798936,0.0018018698,0.06769419,0.067683294,0.023475802,0.0,0.0,0.0,0.029094785,0.024336547,0.057008583,0.07097277,0.0
0.045779,0.0,0.13814253,0.0,0.014750335,0.025133234,0.0,0.04559778,0.0,0.0,0.09195531,0.013486046,0.025640372,0.0,0.0021694768,0.0,0.004918584,0.017913405,0.019947253,0.0014544316,0.0,0.0,0.0,0.034499686,0.033811983,0.0,0.0,0.017495327,0.020930545,0.05655662,0.068703584,0.020740947,0.0,0.03983639,0.021023389,0.03248795,0.03139596,0.016982745,0.017668854,0.0038931654,0.0040305825,0.06493208,0.06485559,0.024263669,0.0,0.0,0.0,0.029791862,0.024922952,0.058142997,0.07242486,0.0
0.045741104,0.0,0.12978037,0.0,0.01804306,0.02624759,0.0,0.045543574,0.0,0.0,0.08421181,0.016766235,0.026735421,0.0,0.002661752,0.0,0.0055968724,0.018721048,0.020003226,0.003232915,0.0,0.0,0.0,0.03570416,0.034751654,0.0,0.0,0.01787071,0.021296762,0.05730503,0.069717735,0.020902475,0.0,0.038982555,0.020416237,0.03193866,0.030779248,0.01822983,0.018788857,0.0052450933,0.005296655,0.061600666,0.061478637,0.024916306,0.0,0.0,0.0,0.030107476,0.025041426,0.05886318,0.0733381,0.0
0.044585325,0.0,0.119624734,0.0,0.02194896,0.027112339,0.0,0.044392556,0.0,0.0,0.0748215,0.020695232,0.027579624,0.0,0.0029148227,0.0,0.0062005986,0.019433472,0.020100638,0.004667811,0.0,0.0,0.0,0.036580402,0.03545494,0.0,0.0,0.018193409,0.02162532,0.05801728,0.07077273,0.021152567,0.0,0.038312566,0.019845562,0.031537835,0.030310309,0.01921272,0.019684544,0.0057175816,0.005680632,0.0579159,0.057759494,0.025098205,0.0,0.0,0.0,0.030025702,0.024758302,0.05925905,0.07389159,0.0
0.042400476,0.0,0.10940793,0.0,0.026217647,0.027794855,0.0,0.042244855,0.0,0.0,0.06562178,0.025020484,0.028239347,0.0,0.0028024036,0.0,0.00668734,0.019670526,0.019991167,0.0057860576,0.0,0.0,0.0,0.03716693,0.035642773,0.0,0.0,0.018250003,0.021660417,0.05831004,0.07134438,0.021104833,0.0,0.038111664,0.019548941,0.031261146,0.029964495,0.019485455,0.019912057,0.0053293183,0.0051450348,0.054915078,0.054750748,0.024867045,0.0,0.0,0.0,0.029805224,0.024317933,0.05919531,0.07377523,0.0
0.040800724,0.0,0.0999569,0.0,0.030585915,0.028363528,0.0,0.040694438,0.0,0.0,0.0573482,0.029485516,0.028785609,0.0,0.0021596113,0.0,0.006997553,0.018902285,0.01959568,0.0062189233,0.0,0.0,0.0,0.036989443,0.03469174,0.0,0.0,0.017964592,0.021306664,0.057693645,0.070862815,0.02082499,0.0,0.03877506,0.019785149,0.031176627,0.029815715,0.018356754,0.018787293,0.0039284034,0.003517848,0.053306405,0.053158306,0.024021603,0.0,0.0,0.0,0.029389631,0.023676403,0.058496796,0.07277726,0.0
0.03762505,0.0,0.09182067,0.0,0.036981463,0.028577676,0.0,0.037570555,0.0,0.0,0.050561614,0.035949722,0.028981995,0.0,0.0012309696,0.0,0.0071420884,0.01744486,0.018794458,0.005468782,0.0,0.0,0.0,0.036577493,0.03337584,0.0,0.0,0.017365634,0.020625994,0.05664468,0.06990519,0.020440068,0.0,0.0399498,0.020477042,0.031148253,0.029749304,0.016631478,0.017156307,0.002172976,0.0015300377,0.051506095,0.05139565,0.02313083,0.0,0.0,0.0,0.028662892,0.02279362,0.056905445,0.07071847,0.0
0.033368032,0.0,0.08425961,0.0,0.044053134,0.02842163,0.0,0.033359382,0.0,0.0,0.04435908,0.043058146,0.028812641,0.0,0.0001755436,0.0,0.007142841,0.015534881,0.017446365,0.003939215,0.0,0.0,0.0,0.036183424,0.032101996,0.0,0.0,0.01659984,0.01977254,0.055126283,0.06844629,0.019816086,0.0,0.04125328,0.021449659,0.03120995,0.029802429,0.014774844,0.015508715,0.0005751045,0.0,0.049265333,0.049203064,0.022141935,0.0,0.0,0.0,0.02758301,0.0216458,0.054639228,0.067864925,0.0
0.028740285,0.0,0.07707237,0.0,0.05267452,0.028191052,0.0,0.028773282,0.0,0.0,0.03853673,0.05166018,0.028573189,0.0,0.0,0.0,0.007039013,0.01391628,0.01585412,0.0020058602,0.0,0.0,0.0,0.03613654,0.031235276,0.0,0.0,0.01578803,0.0188843,0.053557083,0.066933565,0.019184077,0.0,0.042535733,0.022576801,0.031436,0.030031366,0.013358718,0.014392458,0.0,0.0,0.046719253,0.046702184,0.02125455,0.0,0.0,0.0,0.026325326,0.020436434,0.052027527,0.06471324,0.0
0.025104277,0.0,0.0693108,0.0,0.06154585,0.028105645,0.0,0.025185509,0.0,0.00068874704,0.03211322,0.06050425,0.028480273,0.0,0.0,0.0,0.006974284,0.012433315,0.014163153,0.0,0.0,0.0,0.0,0.03636419,0.030695574,0.0,0.0,0.015081227,0.018101143,0.05205062,0.06551408,0.01856152,0.0,0.043772656,0.023829937,0.031834822,0.030425273,0.012259955,0.0136730485,0.0,0.0,0.04431352,0.04433365,0.020659337,0.0,0.0,0.0,0.025112286,0.019329133,0.049304985,0.061557267,0.0
0.021426715,0.0,0.060698792,0.0,0.071506605,0.028259557,0.0,0.021569114,0.0,0.008448763,0.02485453,0.070442505,0.028625337,0.0,0.0,0.0,0.0070707398,0.011569306,0.012625665,0.0,0.0,0.0,0.0,0.036637623,0.030266557,0.0,0.0,0.014554828,0.017510103,0.050973877,0.06466957,0.018171616,0.0,0.0448369,0.02508446,0.032359663,0.030935684,0.011869308,0.013689483,0.0,0.0,0.04114054,0.041178815,0.020472124,0.0,0.0,0.0,0.024003396,0.018415544,0.046621658,0.058697656,0.0
0.017890293,0.0,0.050527886,0.0,0.0806949,0.02842937,0.0,0.018102564,0.0,0.01707368,0.015907783,0.079667665,0.02878268,0.0,0.0,0.0,0.007307484,0.011219969,0.011379529,0.0,0.0,0.0,0.0,0.037039638,0.030249545,0.0,0.0,0.0142666735,0.01717139,0.050294373,0.06435589,0.017900199,0.0,0.045296393,0.025954345,0.03284288,0.031412076,0.01207024,0.014279051,0.0,0.0,0.03698878,0.037028324,0.02064167,0.0,0.0,0.0,0.022993356,0.017658286,0.04418669,0.056246035,0.0
0.0151508935,0.0,0.039341725,0.0049247947,0.08583744,0.028533228,0.0,0.015421327,0.0,0.025571525,0.0057189427,0.08494997,0.028871536,0.0,0.0,0.0,0.0076204445,0.011024538,0.010346646,0.0,0.0,0.0,0.0,0.03721777,0.03004354,0.0,0.0,0.014103744,0.016936034,0.04944148,0.06389166,0.017404191,0.0,0.0453352,0.026454747,0.033271603,0.031842515,0.011960156,0.014452672,0.0,0.0,0.0334101,0.033445287,0.020531487,0.0,0.0,0.00011941185,0.022135802,0.017048193,0.042112455,0.054139294,0.0
0.013483064,0.0,0.030010268,0.011737884,0.086988285,0.028634848,0.0,0.013770878,0.0,0.03263951,0.0,0.08629936,0.028960733,0.0,0.0,0.0,0.007889809,0.010518919,0.00948248,0.0015543979,0.0005915426,0.0,0.0,0.03705155,0.029258423,0.0,0.0,0.013871412,0.016597934,0.048237547,0.062962964,0.016524214,0.0,0.04540855,0.026823886,0.033546086,0.032125022,0.010863457,0.01346254,0.0,0.0,0.031546704,0.03158452,0.020096557,0.0,0.0,0.00061625266,0.021465767,0.016590808,0.04040634,0.052315768,0.0
0.012071636,0.0,0.025653027,0.015786555,0.08461381,0.02867777,0.0,0.0123215,0.0,0.036830306,0.0,0.08407295,0.028998211,0.0,0.0,0.0,0.008018068,0.009658647,0.008586316,0.0039199945,0.0034563523,0.0,0.0,0.036998134,0.028319115,0.0,0.0,0.013468214,0.016067382,0.046791703,0.06155979,0.015056953,0.0,0.045773443,0.027248137,0.033628818,0.03223697,0.009070788,0.011623584,0.0,0.0,0.031550605,0.031610627,0.019421063,0.0,0.0,0.0013128599,0.020941705,0.016230617,0.03941872,0.051055793,0.0
0.010046728,0.0,0.026347116,0.017252881,0.08097047,0.028788049,0.0,0.010210998,0.0,0.038608257,0.0,0.08046669,0.0291125,0.0,0.0,0.0,0.007851321,0.008366116,0.0077405656,0.005117569,0.005576769,0.0,0.0,0.037269928,0.027622204,0.0,0.0,0.012945837,0.015434948,0.04523666,0.05979356,0.013359072,0.0,0.046280064,0.027661812,0.033534676,0.032195233,0.006668169,0.009065174,0.0,0.0,0.032814763,0.032921266,0.018474912,0.0,0.0,0.0020787842,0.020298708,0.015711095,0.039005,0.05017923,0.0
0.008235829,0.0,0.029312536,0.016369734,0.07738498,0.02904519,0.0,0.008292252,0.0,0.0384718,0.0,0.07683834,0.02938236,0.0,0.0,0.0,0.0073436373,0.0066458667,0.006998951,0.0043220865,0.0063597113,0.0,0.0,0.037888948,0.027518868,0.0,0.0,0.012430696,0.014844416,0.04352318,0.057654664,0.011801343,0.0,0.046795085,0.028017431,0.03332668,0.03204574,0.003694769,0.0059166886,0.0,0.0,0.03478853,0.034954004,0.01713723,0.0,0.0,0.002717311,0.019530568,0.015002772,0.038732372,0.04929492,0.0
0.0067914054,0.0,0.03265285,0.014757447,0.07581375,0.029525202,0.0,0.0067537036,0.0,0.038082324,0.00059138983,0.07516246,0.029879577,0.0,0.0,0.0,0.0067231827,0.004991632,0.006383878,0.0020765597,0.00577417,0.0,0.0,0.038216453,0.027395807,0.0,0.0,0.011981141,0.014359583,0.04216026,0.055891976,0.0108595835,0.0,0.04723315,0.028385015,0.03306081,0.031815626,0.0010225847,0.0031661466,0.0,0.0,0.036593586,0.036815528,0.01577845,0.0,0.0,0.0030880193,0.018741457,0.014235884,0.03827723,0.048252724,0.0
0.0066963416,0.0,0.03478322,0.012654491,0.07675818,0.03000652,0.0,0.0066014733,0.0,0.037283827,0.0028621182,0.07599036,0.030377746,0.0,0.0,0.0,0.0061856015,0.003682958,0.005984202,0.0,0.004795989,0.0,0.0,0.037934404,0.027014032,0.0,0.0,0.011689444,0.014068164,0.041278485,0.054735962,0.010677602,0.0,0.047494106,0.028686011,0.032807227,0.03157391,0.0,0.0015037619,0.0,0.0,0.037317924,0.037575256,0.014691609,0.0,0.0,0.0032470704,0.018036876,0.0135540515,0.037880935,0.04749882,0.0
0.007774947,0.0,0.0359894,0.010539625,0.07906236,0.030245688,0.0,0.007679658,0.0,0.036095876,0.004261501,0.07818532,0.030630916,0.0,0.0,0.0,0.0058657094,0.0031779893,0.005717802,0.0,0.0037793908,0.0,0.0,0.03750573,0.026759129,0.0,0.0,0.0115899,0.013990857,0.041102342,0.054464996,0.01102145,0.0,0.04748022,0.028877156,0.032697737,0.03146224,0.0,0.0014670566,0.0,0.0,0.03692543,0.037202064,0.014203445,0.0,0.0,0.0032452191,0.017552625,0.013107292,0.037851013,0.047341406,0.0
0.009836642,0.0,0.034900997,0.0094216615,0.08170606,0.030253347,0.0,0.009782182,0.0,0.03570678,0.0034333318,0.080812916,0.030647837,0.0,0.0,0.0,0.0057497146,0.0028985376,0.0056591164,0.0,0.0029365625,0.0,0.0,0.036516145,0.026071936,0.0,0.0,0.011665869,0.014088518,0.041018985,0.054470588,0.011743961,0.0,0.047076166,0.028828898,0.032698605,0.031439602,0.0,0.0018088445,0.0,0.0,0.03551665,0.035797823,0.013914002,0.0,0.0,0.0031254927,0.017036278,0.012634399,0.03756337,0.0470438,0.0
0.011012763,0.0,0.032155495,0.0107354,0.0845979,0.030152902,0.0,0.011021972,0.0,0.037523255,0.001070831,0.08375048,0.030550912,0.0,0.0,0.0,0.0059033027,0.0032377848,0.0055943993,0.0,0.0026222635,0.0,0.0,0.03494684,0.024692558,0.0,0.0,0.011715507,0.014135733,0.04094972,0.054670356,0.012387668,0.0,0.04638049,0.028706383,0.032703612,0.03140853,0.0,0.0025065131,0.0,0.0,0.032949623,0.033220723,0.013761873,0.0,0.0,0.0030686466,0.016604815,0.012276031,0.036742978,0.046278253,0.0
0.011268491,0.0,0.028084777,0.013922188,0.08629082,0.030113645,0.0,0.01133172,0.0,0.04107349,0.0,0.08553692,0.030510835,0.0,0.0,0.0,0.006304006,0.004107184,0.0055467105,0.0,0.0029393453,0.0,0.0,0.03270412,0.02242203,0.0,0.0,0.011712855,0.014104969,0.040939704,0.05504305,0.012800623,0.0,0.04533213,0.028430482,0.03260555,0.031286974,0.00048496574,0.0035366155,0.0,0.0,0.02999803,0.03024793,0.013582772,0.0,0.0,0.0030781787,0.016276736,0.01207814,0.035856362,0.045505088,0.0
0.011627788,0.0,0.024310835,0.016864385,0.0862445,0.03022297,0.0,0.011715662,0.0,0.044209972,0.0,0.08560531,0.0306182,0.0,0.0,0.0,0.0068030423,0.0052877273,0.0055674617,0.0,0.004265288,0.0,0.0,0.030347047,0.019848842,0.0,0.0,0.011630203,0.013965833,0.040884633,0.05529925,0.012781429,0.0,0.044229366,0.028063687,0.032413013,0.031091686,0.0013992302,0.004495684,0.0,0.0,0.027804537,0.02802909,0.013279592,0.0,0.0,0.0032782506,0.01619121,0.0121701,0.035425987,0.045243293,0.0
0.01214532,0.0,0.022176445,0.018642653,0.08521211,0.030523047,0.0,0.012239162,0.0,0.046029724,0.0,0.0846699,0.030918086,0.0,0.0,0.0,0.00728909,0.006474846,0.0056884093,0.0014378189,0.005767213,0.0,0.0,0.028649025,0.017908193,0.0,0.0,0.011518342,0.013789184,0.041142225,0.055756718,0.01249891,0.0,0.043165788,0.027662344,0.032111797,0.03079892,0.002324935,0.0053615756,0.0,0.0,0.026813217,0.027015997,0.01322329,0.0,0.0,0.0035103532,0.016376277,0.01255152,0.035288665,0.0452988,0.0
0.012639193,0.0,0.021914788,0.019560833,0.08443362,0.030980855,0.0,0.012733346,0.0,0.046674397,0.0,0.08397211,0.03137526,0.0,0.0,0.0,0.0077252802,0.007305569,0.0060357517,0.0041448115,0.007346077,0.0,0.0,0.027410988,0.016583819,0.0,0.0,0.011476845,0.013701801,0.04163883,0.056413226,0.0121835,0.0,0.042264882,0.02726408,0.031813174,0.030500192,0.0030778572,0.005993288,0.0,0.0,0.026008248,0.026185017,0.013580769,0.0,0.0,0.0037664375,0.016686212,0.013046652,0.03539224,0.045724563,0.0
0.012909304,0.0,0.022769332,0.020349082,0.08375039,0.03162094,0.0,0.013013668,0.0,0.046871025,0.0,0.08334854,0.032012828,0.0,0.0,0.0,0.0081923725,0.007909037,0.0064823595,0.0067654913,0.008794351,0.0,0.0,0.026567928,0.015716461,0.0,0.0,0.011567366,0.0137637295,0.0424039,0.05739584,0.0119539555,0.0,0.04159586,0.026991133,0.031649403,0.03031719,0.0038002245,0.0065809004,0.0,0.0,0.025236186,0.025381394,0.014322627,0.0,0.0,0.003965793,0.017131753,0.013654619,0.03570927,0.046497114,0.0
0.013575086,0.0,0.024130005,0.02082926,0.08275677,0.032262407,0.0,0.013681665,0.0,0.046564158,0.0,0.08241801,0.032650076,0.0,0.0,0.0,0.00866904,0.008041383,0.007046016,0.009332307,0.010297168,0.0,0.0,0.025900073,0.015029384,0.0,0.0,0.011791027,0.013971279,0.043111194,0.05838349,0.011880915,0.0,0.041292824,0.026845535,0.03166519,0.03029061,0.0041276924,0.0067774504,0.0,0.0,0.024643242,0.02475836,0.015215948,0.0,0.0,0.0041558268,0.017500756,0.014129918,0.03628196,0.047562253,0.0
0.013928229,0.0,0.026294112,0.022064377,0.08198577,0.03276093,0.0,0.014035068,0.0,0.04694671,0.0,0.08166982,0.033143643,0.0,0.0,0.0,0.009187358,0.00796174,0.007430421,0.011124456,0.011251399,0.0,0.0,0.025667593,0.014728477,0.0,0.0,0.012022919,0.0141972285,0.04383852,0.05946848,0.011847173,0.0,0.041383497,0.026958164,0.031838566,0.030392338,0.0043344535,0.006917067,0.0,0.0,0.024151038,0.024244813,0.016134044,0.0,0.0,0.00429678,0.017716648,0.014396424,0.036761828,0.048455894,0.0
0.014133288,0.0,0.028746713,0.024219275,0.0810767,0.03306255,0.0,0.014232386,0.0,0.048202474,0.0,0.080739126,0.033439904,0.0,0.0,0.0,0.009723207,0.007825153,0.0075325426,0.011886093,0.011456983,0.0,0.0,0.02594304,0.01490888,0.0,0.0,0.012254682,0.014434599,0.044627484,0.060654227,0.011817665,0.0,0.041713644,0.02726939,0.03210696,0.030572092,0.0046258904,0.007220637,0.0,0.0,0.023226554,0.023305822,0.01708344,0.0,0.0,0.00432299,0.017760515,0.014419656,0.036957506,0.048940916,0.0
0.014316389,0.0,0.031077333,0.026974145,0.07936514,0.03315411,0.0,0.014394335,0.0,0.050083987,0.00029185414,0.078976616,0.033524472,0.0,0.0,0.0,0.010211885,0.007828544,0.007488328,0.012573671,0.011460103,0.0,0.0,0.026401363,0.015222805,0.0,0.0,0.012512926,0.014714436,0.045318767,0.061723445,0.011789547,0.0,0.04203772,0.027542837,0.032470684,0.030858634,0.005106099,0.007741578,0.0,0.0,0.021766592,0.021836497,0.017862208,0.0,0.0,0.004330027,0.017613035,0.014214602,0.03737253,0.049582623,0.0
0.014837718,0.0,0.032323264,0.029508859,0.07696748,0.03318401,0.0,0.014879309,0.0,0.052120507,0.0014924072,0.076538876,0.033547938,0.0,0.0,0.0,0.010567546,0.007726649,0.007407479,0.013125477,0.011669222,0.0,0.0,0.02689549,0.01543363,0.0,0.0,0.012725609,0.014933819,0.045527536,0.062152028,0.011712105,0.0,0.042515002,0.027838651,0.03285062,0.03118226,0.0049549416,0.00758991,0.0,0.0,0.020866405,0.020936724,0.018123243,0.0,0.0,0.0044191545,0.017449278,0.0139639545,0.03792143,0.050207138,0.0
